{"simdir": "/home/dc-pede1/rds/rds-dirac-dp132/emulator_256_15072019/sim_pair_15/sim_plus", "kF_Mpc": [27.240054867804893, 26.228200521021922, 23.108707139003847], "kmax_kF_Mpc": 15.0, "kF_zs": [4.0, 3.0, 2.0]}