{"simdir": "/home/dc-font1/rds/rds-dirac-dp132/emulator_512_17052019/sim_pair_4/sim_plus", "kF_Mpc": [29.131116445354394, 27.465391020555, 25.235506647177775, 22.315366519367508, 20.70261379478571, 19.179353333909358, 18.29057187501767, 17.409930531988415, 16.82046477266125, 16.233500564884338, 15.642635082871005, 15.026935591739042, 14.409463182645311, 13.73648422505279, 13.014697492274575, 12.265447989239277, 11.518517377320297, 10.801833574485562, 10.163119345614577, 9.647554617252863], "kmax_kF_Mpc": 15.0, "kF_zs": [9.0, 8.0, 7.0, 6.0, 5.5, 5.0, 4.7, 4.4, 4.2, 4.0, 3.8, 3.5999999999999996, 3.4000000000000004, 3.2, 3.0, 2.8000000000000003, 2.5999999999999996, 2.4, 2.2, 2.0]}