{"simdir": "/home/dc-pede1/rds/rds-dirac-dp132/emulator_256_15072019/sim_pair_45/sim_minus", "kF_Mpc": [14.036698812493372, 11.609980758348835, 9.855735867207319], "kmax_kF_Mpc": 15.0, "kF_zs": [4.0, 3.0, 2.0]}