{"simdir": "/home/dc-font1/rds/rds-dirac-dp132/emulator_512_17052019/sim_pair_9/sim_plus", "kF_Mpc": [29.120591791128934, 27.343468454599908, 25.131832026755852, 22.09921034344371, 20.362902982964535, 18.78140898222774, 17.87562771875835, 16.983211424227605, 16.390090836019034, 15.785826982906537, 15.186575400973055, 14.573879770023103, 13.91968064900858, 13.22345268706855, 12.49380348485295, 11.712828782941825, 10.933268489547533, 10.231764676106419, 9.627520920910314, 9.135424865330595], "kmax_kF_Mpc": 15.0, "kF_zs": [9.0, 8.0, 7.0, 6.0, 5.5, 5.0, 4.7, 4.4, 4.2, 4.0, 3.8, 3.5999999999999996, 3.4000000000000004, 3.2, 3.0, 2.8000000000000003, 2.5999999999999996, 2.4, 2.2, 2.0]}