{"z_star": 3.0, "kp_Mpc": 0.7, "target_Delta2_star": 0.272, "target_n_star": -2.281, "target_heat_amp": 0.435, "target_heat_slo": 1.29, "target_z_rei": 7.075, "fit_f_star": 0.9813695168606996, "fit_g_star": 0.967750857945972, "fit_Delta2_star": 0.27199999999999946, "fit_n_star": -2.2809999999999997, "fit_alpha_star": -0.21497062246191584, "zs": [4.0, 3.0, 2.0], "linP_zs": [{"f_p": 0.9898232807770583, "Delta2_p": 0.17517511482226833, "n_p": -2.281000403109371, "alpha_p": -0.21497095777388567}, {"f_p": 0.9813695168606996, "Delta2_p": 0.27199999999999946, "n_p": -2.2809999999999997, "alpha_p": -0.21497062246191584}, {"f_p": 0.9583569249412872, "Delta2_p": 0.4756368553655686, "n_p": -2.280999848989003, "alpha_p": -0.2149705876861721}]}