{"simdir": "/home/dc-pede1/rds/rds-dirac-dp132/emulator_256_15072019/sim_pair_8/sim_plus", "kF_Mpc": [30.17746306703567, 14.43664807631747, 10.740149193005221], "kmax_kF_Mpc": 15.0, "kF_zs": [4.0, 3.0, 2.0]}