{"simdir": "/home/dc-pede1/rds/rds-dirac-dp132/emulator_256_15072019/sim_pair_41/sim_minus", "kF_Mpc": [13.156955315648512, 10.77866563990695, 9.131802156026138], "kmax_kF_Mpc": 15.0, "kF_zs": [4.0, 3.0, 2.0]}