{"simdir": "/home/dc-pede1/rds/rds-dirac-dp132/emulator_256_15072019/sim_pair_3/sim_minus", "kF_Mpc": [31.433253658819645, 27.397570841120103, 22.24384761997046], "kmax_kF_Mpc": 15.0, "kF_zs": [4.0, 3.0, 2.0]}