{"simdir": "/home/dc-pede1/rds/rds-dirac-dp132/emulator_256_15072019/sim_pair_39/sim_plus", "kF_Mpc": [21.124965145445596, 18.255805604554624, 14.834954662768661], "kmax_kF_Mpc": 15.0, "kF_zs": [4.0, 3.0, 2.0]}