{"z_star": 3.0, "kp_Mpc": 0.7, "target_Delta2_star": 0.324, "target_n_star": -2.303, "target_heat_amp": 1.5150000000000001, "target_heat_slo": -0.20999999999999996, "target_z_rei": 14.005, "fit_f_star": 0.9813695168606998, "fit_g_star": 0.967750857945972, "fit_Delta2_star": 0.3239999999999994, "fit_n_star": -2.303, "fit_alpha_star": -0.21497062246192317, "zs": [4.0, 3.0, 2.0], "linP_zs": [{"f_p": 0.9898232807770583, "Delta2_p": 0.20866447500887808, "n_p": -2.3030004031093685, "alpha_p": -0.21497095777387498}, {"f_p": 0.9813695168606998, "Delta2_p": 0.3239999999999994, "n_p": -2.303, "alpha_p": -0.21497062246192317}, {"f_p": 0.9583569249412874, "Delta2_p": 0.5665674306560439, "n_p": -2.3029998489890025, "alpha_p": -0.21497058768618466}]}