{"simdir": "/home/dc-pede1/rds/rds-dirac-dp132/emulator_256_15072019/sim_pair_33/sim_plus", "kF_Mpc": [11.610588639166213, 10.230666756772745, 8.550640611934876], "kmax_kF_Mpc": 15.0, "kF_zs": [4.0, 3.0, 2.0]}