{"simdir": "/home/dc-font1/rds/rds-dirac-dp132/emulator_512_17052019/sim_pair_0/sim_minus", "kF_Mpc": [33.37594947128399, 31.056330172918674, 28.50232192289197, 24.838980982064673, 22.608840745446113, 20.738090408764236, 19.63576764049152, 18.595051915782598, 17.894405580514636, 17.236338084824737, 16.595395955999216, 15.9532863838917, 15.329871766083768, 14.709064153597074, 14.06552411458118, 13.405368556388728, 12.764828574149021, 12.141751519752454, 11.55631101991298, 11.043030320703409], "kmax_kF_Mpc": 15.0, "kF_zs": [9.0, 8.0, 7.0, 6.0, 5.5, 5.0, 4.7, 4.4, 4.2, 4.0, 3.8, 3.5999999999999996, 3.4000000000000004, 3.2, 3.0, 2.8000000000000003, 2.5999999999999996, 2.4, 2.2, 2.0]}