{"simdir": "/home/dc-pede1/rds/rds-dirac-dp132/emulator_256_15072019/sim_pair_43/sim_plus", "kF_Mpc": [26.328740067954904, 24.46512148950672, 20.24716186297996], "kmax_kF_Mpc": 15.0, "kF_zs": [4.0, 3.0, 2.0]}