{"simdir": "/home/dc-pede1/rds/rds-dirac-dp132/emulator_256_15072019/sim_pair_32/sim_minus", "kF_Mpc": [28.35452322344752, 18.27953434296274, 13.98882398267423], "kmax_kF_Mpc": 15.0, "kF_zs": [4.0, 3.0, 2.0]}