{"simdir": "/home/dc-pede1/rds/rds-dirac-dp132/emulator_256_15072019/sim_pair_38/sim_minus", "kF_Mpc": [23.09377122437039, 22.25040330459086, 18.33054525968333], "kmax_kF_Mpc": 15.0, "kF_zs": [4.0, 3.0, 2.0]}