{"z_star": 3.0, "kp_Mpc": 0.7, "target_Delta2_star": 0.372, "target_n_star": -2.301, "target_heat_amp": 1.4070000000000003, "target_heat_slo": 0.09000000000000008, "target_z_rei": 14.215, "fit_f_star": 0.9813695168606996, "fit_g_star": 0.967750857945972, "fit_Delta2_star": 0.37199999999999905, "fit_n_star": -2.3010000000000015, "fit_alpha_star": -0.21497062246192708, "zs": [4.0, 3.0, 2.0], "linP_zs": [{"f_p": 0.9898232807770585, "Delta2_p": 0.23957773056574866, "n_p": -2.30100040310937, "alpha_p": -0.21497095777387693}, {"f_p": 0.9813695168606996, "Delta2_p": 0.37199999999999905, "n_p": -2.3010000000000015, "alpha_p": -0.21497062246192708}, {"f_p": 0.9583569249412872, "Delta2_p": 0.6505033463087919, "n_p": -2.3009998489890022, "alpha_p": -0.21497058768617858}]}