{"z_star": 3.0, "kp_Mpc": 0.7, "target_Delta2_star": 0.41600000000000004, "target_n_star": -2.315, "target_heat_amp": 1.0290000000000001, "target_heat_slo": 0.27, "target_z_rei": 15.475, "fit_f_star": 0.9813695168606998, "fit_g_star": 0.967750857945972, "fit_Delta2_star": 0.41599999999999865, "fit_n_star": -2.315, "fit_alpha_star": -0.21497062246192158, "zs": [4.0, 3.0, 2.0], "linP_zs": [{"f_p": 0.9898232807770582, "Delta2_p": 0.2679148814928803, "n_p": -2.3150004031093703, "alpha_p": -0.21497095777388503}, {"f_p": 0.9813695168606998, "Delta2_p": 0.41599999999999865, "n_p": -2.315, "alpha_p": -0.21497062246192158}, {"f_p": 0.9583569249412874, "Delta2_p": 0.7274446023238098, "n_p": -2.3149998489890016, "alpha_p": -0.21497058768617427}]}