{"simdir": "/home/dc-pede1/rds/rds-dirac-dp132/emulator_256_15072019/sim_pair_21/sim_plus", "kF_Mpc": [27.016071871136944, 27.450331249662955, 23.29097793041201], "kmax_kF_Mpc": 15.0, "kF_zs": [4.0, 3.0, 2.0]}