{"simdir": "/home/dc-pede1/rds/rds-dirac-dp132/emulator_256_15072019/sim_pair_6/sim_plus", "kF_Mpc": [19.84688820394388, 18.08705703085074, 14.838920906352259], "kmax_kF_Mpc": 15.0, "kF_zs": [4.0, 3.0, 2.0]}