{"simdir": "/home/dc-pede1/rds/rds-dirac-dp132/emulator_256_15072019/sim_pair_9/sim_plus", "kF_Mpc": [22.957775632384678, 15.479969145792014, 12.531762231070982], "kmax_kF_Mpc": 15.0, "kF_zs": [4.0, 3.0, 2.0]}