{"param_space": {"heat_amp": {"ip": 0, "min_val": 0.5, "max_val": 2.0, "latex": "$H_A$"}, "heat_slo": {"ip": 1, "min_val": -0.5, "max_val": 0.5, "latex": "$H_S$"}, "z_rei": {"ip": 2, "min_val": 6.0, "max_val": 12.0, "latex": "$z_r$"}}, "nsamples": 6, "samples": {"0": [1.125, -0.08333333333333337, 9.5], "1": [1.875, 0.25, 8.5], "2": [0.875, 0.08333333333333326, 10.5], "3": [1.375, -0.25, 6.5], "4": [0.625, 0.41666666666666663, 7.5], "5": [1.625, -0.4166666666666667, 11.5]}}