{"z_star": 3.0, "kp_Mpc": 0.7, "target_Delta2_star": 0.256, "target_n_star": -2.293, "target_heat_amp": 2.8649999999999998, "target_heat_slo": 0.4500000000000002, "target_z_rei": 13.585, "fit_f_star": 0.9813695168606996, "fit_g_star": 0.967750857945972, "fit_Delta2_star": 0.2559999999999997, "fit_n_star": -2.2929999999999993, "fit_alpha_star": -0.21497062246192, "zs": [4.0, 3.0, 2.0], "linP_zs": [{"f_p": 0.9898232807770585, "Delta2_p": 0.16487069630331133, "n_p": -2.2930004031093696, "alpha_p": -0.2149709577738947}, {"f_p": 0.9813695168606996, "Delta2_p": 0.2559999999999997, "n_p": -2.2929999999999993, "alpha_p": -0.21497062246192}, {"f_p": 0.958356924941287, "Delta2_p": 0.44765821681465306, "n_p": -2.292999848989001, "alpha_p": -0.2149705876861879}]}