{"z_star": 3.0, "kp_Mpc": 0.7, "target_Delta2_star": 0.328, "target_n_star": -2.349, "target_heat_amp": 0.867, "target_heat_slo": -0.27, "target_z_rei": 9.175, "fit_f_star": 0.9813695168606998, "fit_g_star": 0.967750857945972, "fit_Delta2_star": 0.3279999999999998, "fit_n_star": -2.3489999999999993, "fit_alpha_star": -0.21497062246191595, "zs": [4.0, 3.0, 2.0], "linP_zs": [{"f_p": 0.9898232807770583, "Delta2_p": 0.21124057963861806, "n_p": -2.3490004031093688, "alpha_p": -0.21497095777390446}, {"f_p": 0.9813695168606998, "Delta2_p": 0.3279999999999998, "n_p": -2.3489999999999993, "alpha_p": -0.21497062246191595}, {"f_p": 0.9583569249412872, "Delta2_p": 0.5735620902937749, "n_p": -2.348999848989001, "alpha_p": -0.21497058768618865}]}