{"simdir": "/home/dc-font1/rds/rds-dirac-dp132/emulator_512_17052019/sim_pair_6/sim_plus", "kF_Mpc": [27.849688472525717, 24.984213222494024, 22.163421556667295, 19.17679283601738, 17.7244752248052, 16.301351702502423, 15.460525895395008, 14.633434173779493, 14.096063764480514, 13.547376435308642, 12.98948487243445, 12.41624571107052, 11.8398475475317, 11.263163677002112, 10.682038598192351, 10.108782817584927, 9.573303894573735, 9.101903586057555, 8.713020272643188, 8.414760357997068], "kmax_kF_Mpc": 15.0, "kF_zs": [9.0, 8.0, 7.0, 6.0, 5.5, 5.0, 4.7, 4.4, 4.2, 4.0, 3.8, 3.5999999999999996, 3.4000000000000004, 3.2, 3.0, 2.8000000000000003, 2.5999999999999996, 2.4, 2.2, 2.0]}