{"simdir": "/home/dc-pede1/rds/rds-dirac-dp132/emulator_256_15072019/sim_pair_45/sim_plus", "kF_Mpc": [13.890749417783631, 11.526776632771693, 10.025017196257549], "kmax_kF_Mpc": 15.0, "kF_zs": [4.0, 3.0, 2.0]}