{"simdir": "/home/dc-pede1/rds/rds-dirac-dp132/emulator_256_15072019/sim_pair_14/sim_plus", "kF_Mpc": [15.37092827429616, 12.425999344772714, 10.75022373264123], "kmax_kF_Mpc": 15.0, "kF_zs": [4.0, 3.0, 2.0]}