{"param_space": {"Om_star": {"ip": 0, "min_val": 0.955, "max_val": 0.975, "z_star": 3.0, "latex": "$\\Omega_\\star$"}, "Delta2_star": {"ip": 1, "min_val": 0.25, "max_val": 0.45, "z_star": 3.0, "kp_Mpc": 0.7, "latex": "$\\Delta^2_\\star$"}, "n_star": {"ip": 2, "min_val": -2.35, "max_val": -2.25, "z_star": 3.0, "kp_Mpc": 0.7, "latex": "$n_\\star$"}, "alpha_star": {"ip": 3, "min_val": -0.265, "max_val": -0.165, "z_star": 3.0, "kp_Mpc": 0.7, "latex": "$\\alpha_\\star$"}, "mu_He": {"ip": 4, "min_val": 0.5, "max_val": 2.0, "latex": "$\\mu_{\\rm He}$"}, "mu_H": {"ip": 5, "min_val": 0.5, "max_val": 2.0, "   latex": "$\\mu_{\\rm H}$"}}, "nsamples": 10, "samples": {"0": [0.972, 0.42000000000000004, -2.315, -0.19, 0.7250000000000001, 1.3250000000000002], "1": [0.96, 0.28, -2.295, -0.2, 1.3250000000000002, 1.475], "2": [0.966, 0.3, -2.305, -0.26, 1.025, 0.875], "3": [0.956, 0.4, -2.275, -0.25, 0.575, 1.175], "4": [0.968, 0.44, -2.325, -0.22, 1.475, 0.7250000000000001], "5": [0.962, 0.36, -2.335, -0.18, 1.9249999999999998, 1.025], "6": [0.964, 0.32, -2.285, -0.24000000000000002, 1.625, 1.7750000000000001], "7": [0.97, 0.34, -2.265, -0.17, 1.175, 1.9249999999999998], "8": [0.958, 0.26, -2.345, -0.21000000000000002, 0.875, 1.625], "9": [0.974, 0.38, -2.255, -0.23, 1.7750000000000001, 0.575]}}