{"simdir": "/home/dc-pede1/rds/rds-dirac-dp132/emulator_256_15072019/sim_pair_26/sim_minus", "kF_Mpc": [18.81261721286851, 15.729426528050581, 12.916323553131702], "kmax_kF_Mpc": 15.0, "kF_zs": [4.0, 3.0, 2.0]}