{"simdir": "/home/dc-font1/rds/rds-dirac-dp132/emulator_512_18062019/sim_pair_2/sim_plus", "kF_Mpc": [198659.46750270884, 48.84564829747209, 26.52114200896421, 19.792333206776778, 17.824968140305536, 16.394595511134256, 15.57099078960303, 14.869725576555822, 14.426517494841782, 14.009690089798186, 13.61287180192611, 13.23058087396354, 12.869177109509634, 12.502087399864736, 12.142193010483336, 11.785423506078287, 11.431659300048556, 11.08369784208296, 10.733152345408362, 10.384359943571772], "kmax_kF_Mpc": 15.0, "kF_zs": [9.0, 8.0, 7.0, 6.0, 5.5, 5.0, 4.7, 4.4, 4.2, 4.0, 3.8, 3.5999999999999996, 3.4000000000000004, 3.2, 3.0, 2.8000000000000003, 2.5999999999999996, 2.4, 2.2, 2.0]}