{"z_star": 3.0, "kp_Mpc": 0.7, "target_Delta2_star": 0.384, "target_n_star": -2.345, "target_heat_amp": 2.973, "target_heat_slo": 0.75, "target_z_rei": 6.445, "fit_f_star": 0.9813695168606996, "fit_g_star": 0.967750857945972, "fit_Delta2_star": 0.3839999999999991, "fit_n_star": -2.345, "fit_alpha_star": -0.21497062246194348, "zs": [4.0, 3.0, 2.0], "linP_zs": [{"f_p": 0.9898232807770582, "Delta2_p": 0.24730604445496648, "n_p": -2.3450004031093705, "alpha_p": -0.21497095777388708}, {"f_p": 0.9813695168606996, "Delta2_p": 0.3839999999999991, "n_p": -2.345, "alpha_p": -0.21497062246194348}, {"f_p": 0.9583569249412877, "Delta2_p": 0.6714873252219774, "n_p": -2.3449998489890027, "alpha_p": -0.21497058768616}]}