{"z_star": 3.0, "kp_Mpc": 0.7, "target_Om_star": 0.96, "target_Delta2_star": 0.3, "target_n_star": -2.325, "target_alpha_star": -0.19, "target_mu_He": 1.625, "target_mu_H": 0.875, "fit_f_star": 0.9773008478136876, "fit_g_star": 0.9604223458127262, "fit_Delta2_star": 0.2999999999999995, "fit_n_star": -2.3250000000000006, "fit_alpha_star": -0.19000000000001324, "zs": [4.0, 2.0], "linP_zs": [{"f_p": 0.9876795693673132, "Delta2_p": 0.19346692030890714, "n_p": -2.3250002536254035, "alpha_p": -0.19000031814425059}, {"f_p": 0.9493985695830084, "Delta2_p": 0.5227250981241087, "n_p": -2.3249998336514075, "alpha_p": -0.18999954393619436}]}