{"simdir": "/home/dc-pede1/rds/rds-dirac-dp132/emulator_256_15072019/sim_pair_31/sim_minus", "kF_Mpc": [29.920023668323108, 21.911804280703233, 16.56176687477539], "kmax_kF_Mpc": 15.0, "kF_zs": [4.0, 3.0, 2.0]}