{"z_star": 3.0, "kp_Mpc": 0.7, "target_Delta2_star": 0.26, "target_n_star": -2.287, "target_heat_amp": 2.055, "target_heat_slo": 0.69, "target_z_rei": 8.545, "fit_f_star": 0.9813695168606996, "fit_g_star": 0.967750857945972, "fit_Delta2_star": 0.2599999999999998, "fit_n_star": -2.287000000000001, "fit_alpha_star": -0.21497062246193227, "zs": [4.0, 3.0, 2.0], "linP_zs": [{"f_p": 0.9898232807770583, "Delta2_p": 0.16744680093305028, "n_p": -2.28700040310937, "alpha_p": -0.21497095777388445}, {"f_p": 0.9813695168606996, "Delta2_p": 0.2599999999999998, "n_p": -2.287000000000001, "alpha_p": -0.21497062246193227}, {"f_p": 0.9583569249412872, "Delta2_p": 0.45465287645238145, "n_p": -2.2869998489890024, "alpha_p": -0.21497058768617566}]}