{"z_star": 3.0, "kp_Mpc": 0.7, "target_Delta2_star": 0.40800000000000003, "target_n_star": -2.273, "target_heat_amp": 1.7850000000000004, "target_heat_slo": -0.33000000000000007, "target_z_rei": 10.434999999999999, "fit_f_star": 0.9813695168606996, "fit_g_star": 0.967750857945972, "fit_Delta2_star": 0.4080000000000006, "fit_n_star": -2.2729999999999997, "fit_alpha_star": -0.21497062246193804, "zs": [4.0, 3.0, 2.0], "linP_zs": [{"f_p": 0.9898232807770583, "Delta2_p": 0.26276267223340277, "n_p": -2.273000403109369, "alpha_p": -0.2149709577738986}, {"f_p": 0.9813695168606996, "Delta2_p": 0.4080000000000006, "n_p": -2.2729999999999997, "alpha_p": -0.21497062246193804}, {"f_p": 0.9583569249412872, "Delta2_p": 0.713455283048353, "n_p": -2.272999848989002, "alpha_p": -0.21497058768617294}]}