{"simdir": "/home/dc-font1/rds/rds-dirac-dp132/emulator_512_17052019/sim_pair_1/sim_minus", "kF_Mpc": [34.338484435795685, 29.815707827681948, 25.66755869849898, 21.517913076689528, 19.457611051329096, 17.71241400696119, 16.68295342693289, 15.71392101859809, 15.10407714298304, 14.503701889069974, 13.917095393613858, 13.336266650151922, 12.749239756982746, 12.153751311086696, 11.549873309791177, 10.946592802243893, 10.364399797667302, 9.831646109263284, 9.365502302527544, 8.992766497774847], "kmax_kF_Mpc": 15.0, "kF_zs": [9.0, 8.0, 7.0, 6.0, 5.5, 5.0, 4.7, 4.4, 4.2, 4.0, 3.8, 3.5999999999999996, 3.4000000000000004, 3.2, 3.0, 2.8000000000000003, 2.5999999999999996, 2.4, 2.2, 2.0]}