{"simdir": "/home/dc-pede1/rds/rds-dirac-dp132/emulator_256_15072019/sim_pair_28/sim_plus", "kF_Mpc": [17.518276198494682, 14.362906435936484, 11.901346050808783], "kmax_kF_Mpc": 15.0, "kF_zs": [4.0, 3.0, 2.0]}