{"z_star": 3.0, "kp_Mpc": 0.7, "target_Delta2_star": 0.42800000000000005, "target_n_star": -2.251, "target_heat_amp": 2.217, "target_heat_slo": -0.3900000000000001, "target_z_rei": 6.235, "fit_f_star": 0.9813695168606998, "fit_g_star": 0.967750857945972, "fit_Delta2_star": 0.42799999999999966, "fit_n_star": -2.2510000000000003, "fit_alpha_star": -0.21497062246192547, "zs": [4.0, 3.0, 2.0], "linP_zs": [{"f_p": 0.9898232807770583, "Delta2_p": 0.27564319538209786, "n_p": -2.251000403109369, "alpha_p": -0.2149709577738904}, {"f_p": 0.9813695168606998, "Delta2_p": 0.42799999999999966, "n_p": -2.2510000000000003, "alpha_p": -0.21497062246192547}, {"f_p": 0.9583569249412874, "Delta2_p": 0.7484285812369965, "n_p": -2.250999848989003, "alpha_p": -0.21497058768618243}]}