{"z_star": 3.0, "kp_Mpc": 0.7, "target_Delta2_star": 0.4, "target_n_star": -2.255, "target_heat_amp": 2.109, "target_heat_slo": 0.5100000000000002, "target_z_rei": 10.225000000000001, "fit_f_star": 0.9813695168606996, "fit_g_star": 0.967750857945972, "fit_Delta2_star": 0.3999999999999997, "fit_n_star": -2.254999999999999, "fit_alpha_star": -0.2149706224619261, "zs": [4.0, 3.0, 2.0], "linP_zs": [{"f_p": 0.9898232807770582, "Delta2_p": 0.25761046297392404, "n_p": -2.2550004031093684, "alpha_p": -0.21497095777388955}, {"f_p": 0.9813695168606996, "Delta2_p": 0.3999999999999997, "n_p": -2.254999999999999, "alpha_p": -0.2149706224619261}, {"f_p": 0.9583569249412874, "Delta2_p": 0.699465963772896, "n_p": -2.2549998489890015, "alpha_p": -0.2149705876861776}]}