{"simdir": "/home/dc-font1/rds/rds-dirac-dp132/emulator_512_17052019/sim_pair_5/sim_plus", "kF_Mpc": [33.360089670212254, 29.715010920577154, 25.968424570219177, 21.851188988820244, 19.838642506066986, 18.098485344125034, 17.08317969398317, 16.074834597396972, 15.425134815542561, 14.767397604219298, 14.106166883470038, 13.435192311349455, 12.75512690967683, 12.059719973800897, 11.357994510950126, 10.657694881866789, 10.005924441126997, 9.444149103895645, 8.96837045465348, 8.588438527339106], "kmax_kF_Mpc": 15.0, "kF_zs": [9.0, 8.0, 7.0, 6.0, 5.5, 5.0, 4.7, 4.4, 4.2, 4.0, 3.8, 3.5999999999999996, 3.4000000000000004, 3.2, 3.0, 2.8000000000000003, 2.5999999999999996, 2.4, 2.2, 2.0]}