{"simdir": "/home/dc-pede1/rds/rds-dirac-dp132/emulator_256_15072019/sim_pair_7/sim_plus", "kF_Mpc": [11.542238743095062, 10.385724475778348, 8.647895684891603], "kmax_kF_Mpc": 15.0, "kF_zs": [4.0, 3.0, 2.0]}