{"simdir": "/home/dc-pede1/rds/rds-dirac-dp132/emulator_256_15072019/sim_pair_6/sim_minus", "kF_Mpc": [20.217080847245864, 17.88769519468562, 14.618488510159851], "kmax_kF_Mpc": 15.0, "kF_zs": [4.0, 3.0, 2.0]}