{"simdir": "/home/dc-font1/rds/rds-dirac-dp132/emulator_512_15062019/sim_pair_3/sim_plus", "kF_Mpc": [156072.22671125515, 141876.10333830523, 141875.89541545982, 133.08401525580535, 40.72158221717983, 29.537998252487416, 25.452366123032196, 22.26870017490597, 20.47177400464682, 18.923922105576626, 17.49562031074141, 16.221788219766744, 15.068890688555829, 13.985167143544288, 13.001651350498495, 12.104111297259296, 11.296553590337764, 10.577205529911062, 9.947857960255824, 9.406309403171704], "kmax_kF_Mpc": 15.0, "kF_zs": [9.0, 8.0, 7.0, 6.0, 5.5, 5.0, 4.7, 4.4, 4.2, 4.0, 3.8, 3.5999999999999996, 3.4000000000000004, 3.2, 3.0, 2.8000000000000003, 2.5999999999999996, 2.4, 2.2, 2.0]}