{"simdir": "/home/dc-pede1/rds/rds-dirac-dp132/emulator_256_15072019/sim_pair_8/sim_minus", "kF_Mpc": [32.01957528985151, 14.416839472787942, 10.577129358074883], "kmax_kF_Mpc": 15.0, "kF_zs": [4.0, 3.0, 2.0]}