{"simdir": "/home/dc-font1/rds/rds-dirac-dp132/test_pipeline/test_small/sim_pair_1/sim_plus", "kF_Mpc": [52.43910833060809, 10673.41560452051], "kmax_kF_Mpc": 15.0, "kF_zs": [4.0, 2.0]}