{"simdir": "/home/dc-pede1/rds/rds-dirac-dp132/emulator_256_15072019/sim_pair_0/sim_minus", "kF_Mpc": [19.89229084210781, 17.206694776245282, 14.3449968345955], "kmax_kF_Mpc": 15.0, "kF_zs": [4.0, 3.0, 2.0]}