{"simdir": "/home/dc-font1/rds/rds-dirac-dp132/emulator_512_17052019/sim_pair_8/sim_minus", "kF_Mpc": [35.9115752037423, 30.942280897180456, 26.491445017235918, 22.135413722522717, 19.969299175730722, 18.20964269798856, 17.226725410480235, 16.30813042733856, 15.734256742370267, 15.187527852344113, 14.658970066926992, 14.156657174269352, 13.655056072318402, 13.16769154457819, 12.659431897526655, 12.125703367623505, 11.59249782601097, 11.075601343275741, 10.585912971348883, 10.16061188719511], "kmax_kF_Mpc": 15.0, "kF_zs": [9.0, 8.0, 7.0, 6.0, 5.5, 5.0, 4.7, 4.4, 4.2, 4.0, 3.8, 3.5999999999999996, 3.4000000000000004, 3.2, 3.0, 2.8000000000000003, 2.5999999999999996, 2.4, 2.2, 2.0]}