{"simdir": "/home/dc-pede1/rds/rds-dirac-dp132/emulator_256_15072019/sim_pair_37/sim_minus", "kF_Mpc": [15.451628282555758, 12.027450910925968, 9.909603670021632], "kmax_kF_Mpc": 15.0, "kF_zs": [4.0, 3.0, 2.0]}