{"simdir": "/home/dc-font1/rds/rds-dirac-dp132/emulator_512_18062019/sim_pair_4/sim_plus", "kF_Mpc": [255415.34196481158, 81596.96274344964, 47.18159817349612, 25.15645200392859, 21.786609770804375, 19.409714768376055, 18.190252594540475, 17.128156453225618, 16.449386489795128, 15.806899304104556, 15.183852016140301, 14.565000096796572, 13.960628584541846, 13.347031087102907, 12.74815737050995, 12.16643119617496, 11.605311541936409, 11.07994378783638, 10.587442682911558, 10.135326377210678], "kmax_kF_Mpc": 15.0, "kF_zs": [9.0, 8.0, 7.0, 6.0, 5.5, 5.0, 4.7, 4.4, 4.2, 4.0, 3.8, 3.5999999999999996, 3.4000000000000004, 3.2, 3.0, 2.8000000000000003, 2.5999999999999996, 2.4, 2.2, 2.0]}