{"z_star": 3.0, "kp_Mpc": 0.7, "target_Delta2_star": 0.356, "target_n_star": -2.277, "target_heat_amp": 2.1630000000000003, "target_heat_slo": 1.4100000000000001, "target_z_rei": 12.535, "fit_f_star": 0.9813695168606994, "fit_g_star": 0.967750857945972, "fit_Delta2_star": 0.35599999999999965, "fit_n_star": -2.2769999999999992, "fit_alpha_star": -0.21497062246193047, "zs": [4.0, 3.0, 2.0], "linP_zs": [{"f_p": 0.9898232807770585, "Delta2_p": 0.22927331204679235, "n_p": -2.277000403109369, "alpha_p": -0.21497095777389955}, {"f_p": 0.9813695168606994, "Delta2_p": 0.35599999999999965, "n_p": -2.2769999999999992, "alpha_p": -0.21497062246193047}, {"f_p": 0.9583569249412874, "Delta2_p": 0.6225247077578765, "n_p": -2.276999848989001, "alpha_p": -0.2149705876861767}]}