{"z_star": 3.0, "kp_Mpc": 0.7, "target_Delta2_star": 0.336, "target_n_star": -2.339, "target_heat_amp": 2.4330000000000003, "target_heat_slo": 0.9300000000000002, "target_z_rei": 8.965, "fit_f_star": 0.9813695168606996, "fit_g_star": 0.967750857945972, "fit_Delta2_star": 0.33599999999999997, "fit_n_star": -2.3389999999999986, "fit_alpha_star": -0.21497062246193066, "zs": [4.0, 3.0, 2.0], "linP_zs": [{"f_p": 0.9898232807770583, "Delta2_p": 0.21639278889809632, "n_p": -2.3390004031093703, "alpha_p": -0.21497095777389436}, {"f_p": 0.9813695168606996, "Delta2_p": 0.33599999999999997, "n_p": -2.3389999999999986, "alpha_p": -0.21497062246193066}, {"f_p": 0.9583569249412872, "Delta2_p": 0.5875514095692325, "n_p": -2.338999848989002, "alpha_p": -0.2149705876861785}]}