{"z_star": 3.0, "kp_Mpc": 0.7, "target_Delta2_star": 0.36, "target_n_star": -2.279, "target_heat_amp": 1.623, "target_heat_slo": -1.47, "target_z_rei": 9.594999999999999, "fit_f_star": 0.9813695168606998, "fit_g_star": 0.967750857945972, "fit_Delta2_star": 0.3599999999999994, "fit_n_star": -2.278999999999999, "fit_alpha_star": -0.21497062246193122, "zs": [4.0, 3.0, 2.0], "linP_zs": [{"f_p": 0.9898232807770583, "Delta2_p": 0.23184941667653108, "n_p": -2.2790004031093707, "alpha_p": -0.21497095777389263}, {"f_p": 0.9813695168606998, "Delta2_p": 0.3599999999999994, "n_p": -2.278999999999999, "alpha_p": -0.21497062246193122}, {"f_p": 0.9583569249412872, "Delta2_p": 0.6295193673956052, "n_p": -2.2789998489890007, "alpha_p": -0.21497058768618385}]}