{"simdir": "/home/dc-pede1/rds/rds-dirac-dp132/emulator_256_15072019/sim_pair_47/sim_minus", "kF_Mpc": [17.084228272027016, 13.20475206131903, 10.701351895166743], "kmax_kF_Mpc": 15.0, "kF_zs": [4.0, 3.0, 2.0]}