{"simdir": "/home/dc-pede1/rds/rds-dirac-dp132/emulator_256_15072019/sim_pair_19/sim_minus", "kF_Mpc": [21.02269638697276, 18.297069441684698, 15.156688221362222], "kmax_kF_Mpc": 15.0, "kF_zs": [4.0, 3.0, 2.0]}