{"simdir": "/home/dc-pede1/rds/rds-dirac-dp132/emulator_256_15072019/sim_pair_3/sim_plus", "kF_Mpc": [30.995282008806978, 27.7659588764904, 22.48959953496637], "kmax_kF_Mpc": 15.0, "kF_zs": [4.0, 3.0, 2.0]}