{"param_space": {"Delta2_star": {"ip": 0, "min_val": 0.25, "max_val": 0.45, "z_star": 3.0, "kp_Mpc": 0.7, "latex": "$\\Delta^2_\\star$"}, "n_star": {"ip": 1, "min_val": -2.35, "max_val": -2.25, "z_star": 3.0, "kp_Mpc": 0.7, "latex": "$n_\\star$"}, "heat_amp": {"ip": 2, "min_val": 0.3, "max_val": 3.0, "latex": "$H_A$"}, "heat_slo": {"ip": 3, "min_val": -1.5, "max_val": 1.5, "latex": "$H_S$"}, "z_rei": {"ip": 4, "min_val": 5.5, "max_val": 16.0, "latex": "$z_r$"}}, "nsamples": 50, "samples": {"0": [0.392, -2.319, 2.757, -0.4500000000000002, 11.905000000000001], "1": [0.268, -2.327, 1.0830000000000002, -1.41, 6.025], "2": [0.276, -2.311, 1.191, -0.09000000000000008, 5.605], "3": [0.376, -2.291, 0.813, -1.23, 9.805], "4": [0.3, -2.289, 2.703, -1.35, 15.685], "5": [0.38, -2.297, 2.487, 0.5700000000000003, 13.375], "6": [0.324, -2.303, 1.5150000000000001, -0.20999999999999996, 14.005], "7": [0.364, -2.313, 2.649, 1.3499999999999996, 11.275], "8": [0.29200000000000004, -2.333, 0.489, 0.9900000000000002, 5.815], "9": [0.396, -2.295, 1.893, 0.030000000000000027, 6.865], "10": [0.42400000000000004, -2.307, 2.325, -0.75, 7.495], "11": [0.41200000000000003, -2.271, 0.7050000000000001, 1.0499999999999998, 10.855], "12": [0.284, -2.265, 2.811, -0.69, 12.955], "13": [0.404, -2.263, 2.5949999999999998, -0.030000000000000027, 7.285], "14": [0.4, -2.255, 2.109, 0.5100000000000002, 10.225000000000001], "15": [0.264, -2.269, 0.9750000000000001, -1.17, 10.645], "16": [0.28, -2.343, 1.947, -0.51, 9.385], "17": [0.44, -2.347, 2.001, -1.29, 7.705], "18": [0.26, -2.287, 2.055, 0.69, 8.545], "19": [0.32, -2.283, 2.5410000000000004, -0.5700000000000001, 10.015], "20": [0.344, -2.329, 1.6770000000000003, -0.6299999999999999, 11.485], "21": [0.304, -2.341, 0.7589999999999999, -1.1099999999999999, 12.325], "22": [0.28800000000000003, -2.337, 2.379, 1.1099999999999999, 15.265], "23": [0.448, -2.331, 0.327, -0.81, 15.895], "24": [0.34, -2.259, 2.271, -0.99, 8.335], "25": [0.43600000000000005, -2.305, 1.137, 0.8700000000000001, 12.745000000000001], "26": [0.308, -2.285, 1.2449999999999999, 0.15000000000000013, 11.695], "27": [0.372, -2.301, 1.4070000000000003, 0.09000000000000008, 14.215], "28": [0.388, -2.325, 1.3530000000000002, 0.3900000000000001, 13.165], "29": [0.296, -2.257, 1.8390000000000004, 0.81, 8.125], "30": [0.368, -2.299, 0.921, 0.33000000000000007, 8.754999999999999], "31": [0.312, -2.267, 2.919, -0.8699999999999999, 6.655], "32": [0.42800000000000005, -2.251, 2.217, -0.3900000000000001, 6.235], "33": [0.356, -2.277, 2.1630000000000003, 1.4100000000000001, 12.535], "34": [0.332, -2.323, 0.651, -0.9299999999999999, 12.115], "35": [0.328, -2.349, 0.867, -0.27, 9.175], "36": [0.41600000000000004, -2.315, 1.0290000000000001, 0.27, 15.475], "37": [0.316, -2.261, 0.597, 1.17, 14.424999999999999], "38": [0.252, -2.321, 0.5429999999999999, -0.1499999999999999, 14.845], "39": [0.40800000000000003, -2.273, 1.7850000000000004, -0.33000000000000007, 10.434999999999999], "40": [0.42000000000000004, -2.317, 1.461, 0.6299999999999999, 7.915], "41": [0.336, -2.339, 2.4330000000000003, 0.9300000000000002, 8.965], "42": [0.348, -2.275, 1.569, 1.4699999999999998, 11.065000000000001], "43": [0.444, -2.309, 1.299, -1.0499999999999998, 13.795], "44": [0.43200000000000005, -2.253, 1.7310000000000003, 0.2100000000000002, 14.635], "45": [0.256, -2.293, 2.8649999999999998, 0.4500000000000002, 13.585], "46": [0.272, -2.281, 0.435, 1.29, 7.075], "47": [0.352, -2.335, 0.381, 1.23, 15.055], "48": [0.36, -2.279, 1.623, -1.47, 9.594999999999999], "49": [0.384, -2.345, 2.973, 0.75, 6.445]}}