{"simdir": "/home/dc-pede1/rds/rds-dirac-dp132/emulator_256_15072019/sim_pair_49/sim_plus", "kF_Mpc": [17.597896508946338, 11.298463806603845, 9.733555790377979], "kmax_kF_Mpc": 15.0, "kF_zs": [4.0, 3.0, 2.0]}