{"simdir": "/home/dc-font1/rds/rds-dirac-dp132/test_pipeline/test_small/sim_pair_0/sim_plus", "kF_Mpc": [24.126612044842634, 10666.213428329016], "kmax_kF_Mpc": 15.0, "kF_zs": [4.0, 2.0]}