{"z_star": 3.0, "kp_Mpc": 0.7, "target_Delta2_star": 0.42400000000000004, "target_n_star": -2.307, "target_heat_amp": 2.325, "target_heat_slo": -0.75, "target_z_rei": 7.495, "fit_f_star": 0.9813695168607001, "fit_g_star": 0.967750857945972, "fit_Delta2_star": 0.42399999999999877, "fit_n_star": -2.3069999999999986, "fit_alpha_star": -0.2149706224619321, "zs": [4.0, 3.0, 2.0], "linP_zs": [{"f_p": 0.9898232807770583, "Delta2_p": 0.2730670907523587, "n_p": -2.3070004031093694, "alpha_p": -0.2149709577738811}, {"f_p": 0.9813695168607001, "Delta2_p": 0.42399999999999877, "n_p": -2.3069999999999986, "alpha_p": -0.2149706224619321}, {"f_p": 0.9583569249412874, "Delta2_p": 0.7414339215992672, "n_p": -2.3069998489890002, "alpha_p": -0.2149705876861783}]}