{"simdir": "/home/dc-font1/rds/rds-dirac-dp132/emulator_512_17052019/sim_pair_1/sim_plus", "kF_Mpc": [33.08743992465144, 29.147682869966374, 25.23488548920023, 21.14554120152073, 19.16179777461253, 17.411101970379683, 16.45141797430183, 15.528404751249859, 14.944768232691915, 14.37055278305515, 13.804392647973101, 13.238586040768837, 12.66684988606913, 12.09235325028585, 11.51484865794843, 10.920492381071204, 10.348296232162406, 9.820964327424067, 9.354841958964753, 8.988010792559349], "kmax_kF_Mpc": 15.0, "kF_zs": [9.0, 8.0, 7.0, 6.0, 5.5, 5.0, 4.7, 4.4, 4.2, 4.0, 3.8, 3.5999999999999996, 3.4000000000000004, 3.2, 3.0, 2.8000000000000003, 2.5999999999999996, 2.4, 2.2, 2.0]}