{"simdir": "/home/dc-pede1/rds/rds-dirac-dp132/emulator_256_15072019/sim_pair_10/sim_minus", "kF_Mpc": [26.820288839597474, 20.60439419336698, 16.295780027387707], "kmax_kF_Mpc": 15.0, "kF_zs": [4.0, 3.0, 2.0]}