{"z_star": 3.0, "kp_Mpc": 0.7, "target_Delta2_star": 0.3, "target_n_star": -2.289, "target_heat_amp": 2.703, "target_heat_slo": -1.35, "target_z_rei": 15.685, "fit_f_star": 0.9813695168606996, "fit_g_star": 0.967750857945972, "fit_Delta2_star": 0.2999999999999994, "fit_n_star": -2.2889999999999993, "fit_alpha_star": -0.21497062246192783, "zs": [4.0, 3.0, 2.0], "linP_zs": [{"f_p": 0.9898232807770583, "Delta2_p": 0.193207847230443, "n_p": -2.28900040310937, "alpha_p": -0.21497095777389372}, {"f_p": 0.9813695168606996, "Delta2_p": 0.2999999999999994, "n_p": -2.2889999999999993, "alpha_p": -0.21497062246192783}, {"f_p": 0.9583569249412874, "Delta2_p": 0.5245994728296709, "n_p": -2.2889998489890013, "alpha_p": -0.21497058768616686}]}