{"simdir": "/home/dc-pede1/rds/rds-dirac-dp132/emulator_1024_21062019/sim_pair_1/sim_plus", "kF_Mpc": [149023.7923590649, 24.298130937632678, 15.580863680209015, 13.459629854376866, 12.058801421897995, 11.134436290740046, 10.477366282080377, 10.014118324412875, 9.67385271138295, 9.400191326527432, 9.150873112259829], "kmax_kF_Mpc": 15.0, "kF_zs": [5.0, 4.5, 4.0, 3.75, 3.5, 3.25, 3.0, 2.75, 2.5, 2.25, 2.0]}