{"simdir": "/home/dc-pede1/rds/rds-dirac-dp132/emulator_256_15072019/sim_pair_22/sim_minus", "kF_Mpc": [12.272852495492698, 10.422583516359119, 8.502156099658876], "kmax_kF_Mpc": 15.0, "kF_zs": [4.0, 3.0, 2.0]}