{"simdir": "/home/dc-pede1/rds/rds-dirac-dp132/emulator_256_15072019/sim_pair_37/sim_plus", "kF_Mpc": [15.255769606328935, 12.074525542940828, 10.052446259204517], "kmax_kF_Mpc": 15.0, "kF_zs": [4.0, 3.0, 2.0]}