{"z_star": 3.0, "kp_Mpc": 0.7, "target_Delta2_star": 0.38, "target_n_star": -2.297, "target_heat_amp": 2.487, "target_heat_slo": 0.5700000000000003, "target_z_rei": 13.375, "fit_f_star": 0.9813695168606996, "fit_g_star": 0.967750857945972, "fit_Delta2_star": 0.37999999999999995, "fit_n_star": -2.2969999999999997, "fit_alpha_star": -0.21497062246192705, "zs": [4.0, 3.0, 2.0], "linP_zs": [{"f_p": 0.9898232807770585, "Delta2_p": 0.24472993982522762, "n_p": -2.29700040310937, "alpha_p": -0.21497095777388883}, {"f_p": 0.9813695168606996, "Delta2_p": 0.37999999999999995, "n_p": -2.2969999999999997, "alpha_p": -0.21497062246192705}, {"f_p": 0.9583569249412872, "Delta2_p": 0.6644926655842497, "n_p": -2.296999848989, "alpha_p": -0.21497058768618718}]}