{"simdir": "/home/dc-pede1/rds/rds-dirac-dp132/emulator_256_15072019/sim_pair_34/sim_plus", "kF_Mpc": [27.7231570639314, 27.532593127414433, 22.508546702457586], "kmax_kF_Mpc": 15.0, "kF_zs": [4.0, 3.0, 2.0]}