{"simdir": "/home/dc-pede1/rds/rds-dirac-dp132/emulator_256_15072019/sim_pair_27/sim_plus", "kF_Mpc": [18.892331404724917, 16.185831447452124, 13.232154414373378], "kmax_kF_Mpc": 15.0, "kF_zs": [4.0, 3.0, 2.0]}