{"z_star": 3.0, "kp_Mpc": 0.7, "target_Delta2_star": 0.352, "target_n_star": -2.335, "target_heat_amp": 0.381, "target_heat_slo": 1.23, "target_z_rei": 15.055, "fit_f_star": 0.9813695168606996, "fit_g_star": 0.967750857945972, "fit_Delta2_star": 0.35200000000000015, "fit_n_star": -2.3349999999999995, "fit_alpha_star": -0.21497062246194032, "zs": [4.0, 3.0, 2.0], "linP_zs": [{"f_p": 0.9898232807770583, "Delta2_p": 0.22669720741705296, "n_p": -2.335000403109371, "alpha_p": -0.21497095777389047}, {"f_p": 0.9813695168606996, "Delta2_p": 0.35200000000000015, "n_p": -2.3349999999999995, "alpha_p": -0.21497062246194032}, {"f_p": 0.958356924941287, "Delta2_p": 0.615530048120149, "n_p": -2.334999848989001, "alpha_p": -0.21497058768617175}]}