{"simdir": "/home/dc-pede1/rds/rds-dirac-dp132/emulator_256_15072019/sim_pair_12/sim_plus", "kF_Mpc": [19.609137338262542, 18.608460598279162, 15.94175194845678], "kmax_kF_Mpc": 15.0, "kF_zs": [4.0, 3.0, 2.0]}