{"simdir": "/home/dc-font1/rds/rds-dirac-dp132/emulator_512_15062019/sim_pair_2/sim_plus", "kF_Mpc": [156072.22006602652, 170254.0053946558, 141903.53726361523, 56.93527460614872, 33.991374679068066, 26.52293523279788, 23.130742866605697, 20.577700021164254, 19.141446759043962, 17.91395805833814, 16.793524405632706, 15.801753514509207, 14.926260893442484, 14.093305554122917, 13.3247891812346, 12.598866072135968, 11.92371273619662, 11.293020095439143, 10.71035104844368, 10.179873102095899], "kmax_kF_Mpc": 15.0, "kF_zs": [9.0, 8.0, 7.0, 6.0, 5.5, 5.0, 4.7, 4.4, 4.2, 4.0, 3.8, 3.5999999999999996, 3.4000000000000004, 3.2, 3.0, 2.8000000000000003, 2.5999999999999996, 2.4, 2.2, 2.0]}