{"z_star": 3.0, "kp_Mpc": 0.7, "target_Delta2_star": 0.376, "target_n_star": -2.291, "target_heat_amp": 0.813, "target_heat_slo": -1.23, "target_z_rei": 9.805, "fit_f_star": 0.9813695168606996, "fit_g_star": 0.967750857945972, "fit_Delta2_star": 0.37599999999999983, "fit_n_star": -2.290999999999999, "fit_alpha_star": -0.21497062246192097, "zs": [4.0, 3.0, 2.0], "linP_zs": [{"f_p": 0.9898232807770583, "Delta2_p": 0.24215383519548808, "n_p": -2.2910004031093694, "alpha_p": -0.2149709577738901}, {"f_p": 0.9813695168606996, "Delta2_p": 0.37599999999999983, "n_p": -2.290999999999999, "alpha_p": -0.21497062246192097}, {"f_p": 0.9583569249412872, "Delta2_p": 0.6574980059465211, "n_p": -2.290999848989003, "alpha_p": -0.21497058768617078}]}