{"simdir": "/home/dc-font1/rds/rds-dirac-dp132/test_pipeline/test_small/sim_pair_1/sim_minus", "kF_Mpc": [50.06377322030282, 10673.410489539749], "kmax_kF_Mpc": 15.0, "kF_zs": [4.0, 2.0]}