{"simdir": "/home/dc-pede1/rds/rds-dirac-dp132/emulator_256_15072019/sim_pair_27/sim_minus", "kF_Mpc": [19.094731162116243, 15.91422094203867, 13.087511211892894], "kmax_kF_Mpc": 15.0, "kF_zs": [4.0, 3.0, 2.0]}