{"z_star": 3.0, "kp_Mpc": 0.7, "target_Delta2_star": 0.28, "target_n_star": -2.343, "target_heat_amp": 1.947, "target_heat_slo": -0.51, "target_z_rei": 9.385, "fit_f_star": 0.9813695168607001, "fit_g_star": 0.967750857945972, "fit_Delta2_star": 0.27999999999999936, "fit_n_star": -2.3429999999999995, "fit_alpha_star": -0.21497062246192994, "zs": [4.0, 3.0, 2.0], "linP_zs": [{"f_p": 0.9898232807770583, "Delta2_p": 0.18032732408174648, "n_p": -2.3430004031093703, "alpha_p": -0.2149709577738874}, {"f_p": 0.9813695168607001, "Delta2_p": 0.27999999999999936, "n_p": -2.3429999999999995, "alpha_p": -0.21497062246192994}, {"f_p": 0.9583569249412874, "Delta2_p": 0.48962617464102587, "n_p": -2.342999848989001, "alpha_p": -0.214970587686173}]}