{"simdir": "/home/dc-pede1/rds/rds-dirac-dp132/emulator_256_15072019/sim_pair_23/sim_minus", "kF_Mpc": [30.730346292693504, 26.143204423164082, 21.673149273598522], "kmax_kF_Mpc": 15.0, "kF_zs": [4.0, 3.0, 2.0]}