{"simdir": "/home/dc-pede1/rds/rds-dirac-dp132/emulator_256_15072019/sim_pair_38/sim_plus", "kF_Mpc": [22.687065987712053, 22.034912338917373, 19.022346876722857], "kmax_kF_Mpc": 15.0, "kF_zs": [4.0, 3.0, 2.0]}