{"simdir": "/home/dc-pede1/rds/rds-dirac-dp132/emulator_256_15072019/sim_pair_5/sim_plus", "kF_Mpc": [14.664865271005976, 12.116904981388247, 10.374206180563633], "kmax_kF_Mpc": 15.0, "kF_zs": [4.0, 3.0, 2.0]}