{"simdir": "/home/dc-font1/rds/rds-dirac-dp132/emulator_512_15062019/sim_pair_0/sim_minus", "kF_Mpc": [156072.28940478238, 141876.11423427972, 99336.699794012, 71.83976651048306, 39.41671045493286, 30.327311950391415, 26.29809743371633, 23.397937348998813, 21.86082394382748, 20.48897468733349, 19.31731191285238, 18.29308388405443, 17.41581397137078, 16.592525418927966, 15.821015767740882, 15.103188890061826, 14.431340905333201, 13.78890547926113, 13.186223752171486, 12.621788703836122], "kmax_kF_Mpc": 15.0, "kF_zs": [9.0, 8.0, 7.0, 6.0, 5.5, 5.0, 4.7, 4.4, 4.2, 4.0, 3.8, 3.5999999999999996, 3.4000000000000004, 3.2, 3.0, 2.8000000000000003, 2.5999999999999996, 2.4, 2.2, 2.0]}