{"simdir": "/home/dc-pede1/rds/rds-dirac-dp132/emulator_256_15072019/sim_pair_13/sim_minus", "kF_Mpc": [20.676008662156125, 14.369934874643594, 12.075470283687634], "kmax_kF_Mpc": 15.0, "kF_zs": [4.0, 3.0, 2.0]}