{"simdir": "/home/dc-font1/rds/rds-dirac-dp132/emulator_512_18062019/sim_pair_0/sim_plus", "kF_Mpc": [255415.32986774866, 60.48134947110616, 28.446812851289668, 20.418785247309362, 18.163700653060292, 16.555852496850456, 15.62050162396558, 14.839389816685712, 14.353355380063647, 13.897629314573605, 13.468172120433271, 13.056789779454899, 12.679288188954718, 12.303620273423812, 11.94267198801848, 11.592980985772215, 11.248064555266748, 10.911872582322989, 10.574953409962413, 10.241146949746096], "kmax_kF_Mpc": 15.0, "kF_zs": [9.0, 8.0, 7.0, 6.0, 5.5, 5.0, 4.7, 4.4, 4.2, 4.0, 3.8, 3.5999999999999996, 3.4000000000000004, 3.2, 3.0, 2.8000000000000003, 2.5999999999999996, 2.4, 2.2, 2.0]}