{"simdir": "/home/dc-font1/rds/rds-dirac-dp132/emulator_512_18062019/sim_pair_3/sim_plus", "kF_Mpc": [241226.38205377065, 56766.284124447855, 50.99877788516068, 32.99236007281306, 26.929082385200132, 19.298467356397232, 17.922262482968605, 16.700003710463076, 15.936917953746095, 15.229843224258255, 14.576426709206439, 13.963503816548725, 13.405128685885401, 12.866892727173552, 12.363908403774202, 11.888037666433133, 11.436981264266343, 11.013799685769534, 10.609044989907247, 10.222183635825127], "kmax_kF_Mpc": 15.0, "kF_zs": [9.0, 8.0, 7.0, 6.0, 5.5, 5.0, 4.7, 4.4, 4.2, 4.0, 3.8, 3.5999999999999996, 3.4000000000000004, 3.2, 3.0, 2.8000000000000003, 2.5999999999999996, 2.4, 2.2, 2.0]}