{"simdir": "/home/dc-pede1/rds/rds-dirac-dp132/emulator_1024_21062019/sim_pair_1/sim_minus", "kF_Mpc": [99362.44958203183, 24.48320206199173, 15.546381834155865, 13.444152233444537, 12.045725826530536, 11.12120351010152, 10.466760082608175, 10.007380432653303, 9.67018605875438, 9.399905470685592, 9.149152197110242], "kmax_kF_Mpc": 15.0, "kF_zs": [5.0, 4.5, 4.0, 3.75, 3.5, 3.25, 3.0, 2.75, 2.5, 2.25, 2.0]}