{"simdir": "/home/dc-pede1/rds/rds-dirac-dp132/emulator_256_15072019/sim_pair_47/sim_plus", "kF_Mpc": [16.915374194863823, 13.364747897453025, 10.842337384987273], "kmax_kF_Mpc": 15.0, "kF_zs": [4.0, 3.0, 2.0]}