{"simdir": "/home/dc-font1/rds/rds-dirac-dp132/emulator_512_17052019/sim_pair_3/sim_plus", "kF_Mpc": [27.600700214096133, 26.401312109545, 24.942093601236383, 22.598443373975545, 21.141841035964347, 19.82618236419408, 19.110511049663106, 18.386818902022043, 17.91412308761959, 17.447102656686788, 16.982432540428164, 16.525484544943925, 16.045004177422364, 15.575429299099648, 15.077433610388725, 14.515596599156249, 13.907324135246197, 13.309909644536944, 12.693683029232602, 12.09973689243335], "kmax_kF_Mpc": 15.0, "kF_zs": [9.0, 8.0, 7.0, 6.0, 5.5, 5.0, 4.7, 4.4, 4.2, 4.0, 3.8, 3.5999999999999996, 3.4000000000000004, 3.2, 3.0, 2.8000000000000003, 2.5999999999999996, 2.4, 2.2, 2.0]}