{"z_star": 3.0, "kp_Mpc": 0.7, "target_Delta2_star": 0.392, "target_n_star": -2.319, "target_heat_amp": 2.757, "target_heat_slo": -0.4500000000000002, "target_z_rei": 11.905000000000001, "fit_f_star": 0.9813695168606996, "fit_g_star": 0.967750857945972, "fit_Delta2_star": 0.39199999999999896, "fit_n_star": -2.319000000000001, "fit_alpha_star": -0.2149706224619215, "zs": [4.0, 3.0, 2.0], "linP_zs": [{"f_p": 0.9898232807770583, "Delta2_p": 0.2524582537144448, "n_p": -2.3190004031093694, "alpha_p": -0.2149709577738801}, {"f_p": 0.9813695168606996, "Delta2_p": 0.39199999999999896, "n_p": -2.319000000000001, "alpha_p": -0.2149706224619215}, {"f_p": 0.958356924941287, "Delta2_p": 0.6854766444974372, "n_p": -2.3189998489890016, "alpha_p": -0.21497058768618904}]}