{"simdir": "/home/dc-font1/rds/rds-dirac-dp132/emulator_512_15062019/sim_pair_1/sim_minus", "kF_Mpc": [255394.96362651367, 141876.0728306259, 141903.54113577193, 45.25309788068774, 31.65277912146789, 25.707594565954487, 22.843953491816812, 20.64331334969327, 19.4349613316999, 18.3075249010887, 17.30562768461218, 16.384664456298804, 15.534454172538778, 14.714984832283738, 13.925708396741006, 13.184957872793557, 12.489640770575296, 11.83039981853165, 11.215946626253794, 10.660112143158004], "kmax_kF_Mpc": 15.0, "kF_zs": [9.0, 8.0, 7.0, 6.0, 5.5, 5.0, 4.7, 4.4, 4.2, 4.0, 3.8, 3.5999999999999996, 3.4000000000000004, 3.2, 3.0, 2.8000000000000003, 2.5999999999999996, 2.4, 2.2, 2.0]}