{"simdir": "/home/dc-pede1/rds/rds-dirac-dp132/emulator_256_15072019/sim_pair_9/sim_minus", "kF_Mpc": [23.285253204130008, 15.198047893565164, 12.356589057583578], "kmax_kF_Mpc": 15.0, "kF_zs": [4.0, 3.0, 2.0]}