{"z_star": 3.0, "kp_Mpc": 0.7, "target_Om_star": 0.97, "target_Delta2_star": 0.4, "target_n_star": -2.275, "target_alpha_star": -0.24000000000000002, "target_mu_He": 0.875, "target_mu_H": 1.625, "fit_f_star": 0.9828462936261384, "fit_g_star": 0.9704157331696471, "fit_Delta2_star": 0.3999999999999995, "fit_n_star": -2.275, "fit_alpha_star": -0.23999999999999286, "zs": [4.0, 2.0], "linP_zs": [{"f_p": 0.9905909310556759, "Delta2_p": 0.25748551881784787, "n_p": -2.274999988586996, "alpha_p": -0.24000098172916534}, {"f_p": 0.9616363543230215, "Delta2_p": 0.7003791642810167, "n_p": -2.2749994297490566, "alpha_p": -0.23999989767141863}]}