{"simdir": "/home/dc-font1/rds/rds-dirac-dp132/emulator_512_17052019/sim_pair_2/sim_minus", "kF_Mpc": [29.0101511928586, 26.726771682242983, 24.40990146210122, 21.58265212384689, 19.97022368077656, 18.51004339221451, 17.689603900293946, 16.900182936995108, 16.419177847750564, 15.94278305779694, 15.471211339241878, 15.011543420096555, 14.531969036769366, 14.04317136671999, 13.519537349606344, 12.926680284522291, 12.291287723598495, 11.65699800103268, 11.04886684898267, 10.522968983834517], "kmax_kF_Mpc": 15.0, "kF_zs": [9.0, 8.0, 7.0, 6.0, 5.5, 5.0, 4.7, 4.4, 4.2, 4.0, 3.8, 3.5999999999999996, 3.4000000000000004, 3.2, 3.0, 2.8000000000000003, 2.5999999999999996, 2.4, 2.2, 2.0]}