{"simdir": "/home/dc-font1/rds/rds-dirac-dp132/emulator_512_15062019/sim_pair_1/sim_plus", "kF_Mpc": [141883.2076466634, 141876.0103608421, 92242.13091731146, 44.5295627261863, 31.234445040077084, 25.398044387060036, 22.622396776701247, 20.471647967812764, 19.22897934442031, 18.15646832354525, 17.149937175985016, 16.238269618146063, 15.412305598360673, 14.596577813509116, 13.830091770688098, 13.099831453092769, 12.417089483452099, 11.775973663032913, 11.1760139470779, 10.62212167136782], "kmax_kF_Mpc": 15.0, "kF_zs": [9.0, 8.0, 7.0, 6.0, 5.5, 5.0, 4.7, 4.4, 4.2, 4.0, 3.8, 3.5999999999999996, 3.4000000000000004, 3.2, 3.0, 2.8000000000000003, 2.5999999999999996, 2.4, 2.2, 2.0]}