{"simdir": "/home/dc-pede1/rds/rds-dirac-dp132/emulator_256_15072019/sim_pair_1/sim_minus", "kF_Mpc": [40.06274359899605, 30.143783422331623, 22.910250722579484], "kmax_kF_Mpc": 15.0, "kF_zs": [4.0, 3.0, 2.0]}