{"simdir": "/home/dc-font1/rds/rds-dirac-dp132/emulator_512_18062019/sim_pair_4/sim_minus", "kF_Mpc": [255415.36513947422, 81596.98355174795, 46.71165271165653, 25.123352452123406, 21.81505296114889, 19.45094133066212, 18.258177968603476, 17.18268231311984, 16.530842931095886, 15.882988298430796, 15.267063996429739, 14.649865440952402, 14.038591772553428, 13.423769320906706, 12.814558115134394, 12.223368717748652, 11.655942542072236, 11.111423800498365, 10.609199223912261, 10.154997859928745], "kmax_kF_Mpc": 15.0, "kF_zs": [9.0, 8.0, 7.0, 6.0, 5.5, 5.0, 4.7, 4.4, 4.2, 4.0, 3.8, 3.5999999999999996, 3.4000000000000004, 3.2, 3.0, 2.8000000000000003, 2.5999999999999996, 2.4, 2.2, 2.0]}