{"z_star": 3.0, "kp_Mpc": 0.7, "target_Delta2_star": 0.312, "target_n_star": -2.267, "target_heat_amp": 2.919, "target_heat_slo": -0.8699999999999999, "target_z_rei": 6.655, "fit_f_star": 0.9813695168606996, "fit_g_star": 0.967750857945972, "fit_Delta2_star": 0.3119999999999993, "fit_n_star": -2.267, "fit_alpha_star": -0.2149706224619387, "zs": [4.0, 3.0, 2.0], "linP_zs": [{"f_p": 0.9898232807770585, "Delta2_p": 0.2009361611196605, "n_p": -2.2670004031093693, "alpha_p": -0.21497095777389558}, {"f_p": 0.9813695168606996, "Delta2_p": 0.3119999999999993, "n_p": -2.267, "alpha_p": -0.2149706224619387}, {"f_p": 0.9583569249412874, "Delta2_p": 0.5455834517428576, "n_p": -2.2669998489890006, "alpha_p": -0.21497058768618657}]}