{"z_star": 3.0, "kp_Mpc": 0.7, "target_Delta2_star": 0.404, "target_n_star": -2.263, "target_heat_amp": 2.5949999999999998, "target_heat_slo": -0.030000000000000027, "target_z_rei": 7.285, "fit_f_star": 0.9813695168606994, "fit_g_star": 0.967750857945972, "fit_Delta2_star": 0.4039999999999994, "fit_n_star": -2.2630000000000003, "fit_alpha_star": -0.21497062246192195, "zs": [4.0, 3.0, 2.0], "linP_zs": [{"f_p": 0.9898232807770585, "Delta2_p": 0.2601865676036629, "n_p": -2.26300040310937, "alpha_p": -0.2149709577738964}, {"f_p": 0.9813695168606994, "Delta2_p": 0.4039999999999994, "n_p": -2.2630000000000003, "alpha_p": -0.21497062246192195}, {"f_p": 0.9583569249412872, "Delta2_p": 0.7064606234106245, "n_p": -2.2629998489890015, "alpha_p": -0.21497058768617427}]}