{"z_star": 3.0, "kp_Mpc": 0.7, "target_Delta2_star": 0.252, "target_n_star": -2.321, "target_heat_amp": 0.5429999999999999, "target_heat_slo": -0.1499999999999999, "target_z_rei": 14.845, "fit_f_star": 0.9813695168606996, "fit_g_star": 0.967750857945972, "fit_Delta2_star": 0.25199999999999967, "fit_n_star": -2.3209999999999993, "fit_alpha_star": -0.214970622461931, "zs": [4.0, 3.0, 2.0], "linP_zs": [{"f_p": 0.9898232807770585, "Delta2_p": 0.1622945916735717, "n_p": -2.3210004031093705, "alpha_p": -0.21497095777387437}, {"f_p": 0.9813695168606996, "Delta2_p": 0.25199999999999967, "n_p": -2.3209999999999993, "alpha_p": -0.214970622461931}, {"f_p": 0.9583569249412872, "Delta2_p": 0.4406635571769239, "n_p": -2.320999848989001, "alpha_p": -0.21497058768618166}]}