{"simdir": "/home/dc-font1/rds/rds-dirac-dp132/emulator_512_17052019/sim_pair_6/sim_minus", "kF_Mpc": [28.52850212307789, 25.545278764879747, 22.563967633416613, 19.50807029616839, 18.00660151841701, 16.541372448059878, 15.651566651064506, 14.795805048300004, 14.23202885377071, 13.664172639811149, 13.079298579410372, 12.486371337650652, 11.896024167229942, 11.294689505521859, 10.703366608378017, 10.126794719037383, 9.588166382290314, 9.115194336756515, 8.721298507915746, 8.422126417940063], "kmax_kF_Mpc": 15.0, "kF_zs": [9.0, 8.0, 7.0, 6.0, 5.5, 5.0, 4.7, 4.4, 4.2, 4.0, 3.8, 3.5999999999999996, 3.4000000000000004, 3.2, 3.0, 2.8000000000000003, 2.5999999999999996, 2.4, 2.2, 2.0]}