{"simdir": "/home/dc-pede1/rds/rds-dirac-dp132/emulator_256_15072019/sim_pair_4/sim_minus", "kF_Mpc": [22.761712643999054, 22.793746649840035, 19.561300901379628], "kmax_kF_Mpc": 15.0, "kF_zs": [4.0, 3.0, 2.0]}