{"simdir": "/home/dc-pede1/rds/rds-dirac-dp132/emulator_256_15072019/sim_pair_36/sim_minus", "kF_Mpc": [19.464121547336, 15.885360621390763, 12.924719748492018], "kmax_kF_Mpc": 15.0, "kF_zs": [4.0, 3.0, 2.0]}