{"simdir": "/home/dc-pede1/rds/rds-dirac-dp132/emulator_256_15072019/sim_pair_32/sim_plus", "kF_Mpc": [28.37567145238579, 18.65568970514276, 14.205153024186465], "kmax_kF_Mpc": 15.0, "kF_zs": [4.0, 3.0, 2.0]}