{"simdir": "/home/dc-pede1/rds/rds-dirac-dp132/emulator_256_15072019/sim_pair_30/sim_minus", "kF_Mpc": [20.548245285536893, 15.600304575244271, 12.672164247199204], "kmax_kF_Mpc": 15.0, "kF_zs": [4.0, 3.0, 2.0]}