{"simdir": "/home/dc-font1/rds/rds-dirac-dp132/emulator_512_17052019/sim_pair_7/sim_minus", "kF_Mpc": [35.368086023627356, 31.005440356827414, 26.722529379446783, 22.376730558883736, 20.16212651856737, 18.211515063039464, 17.08054531490135, 16.002202349432167, 15.289930356130927, 14.602410231442922, 13.913812608373082, 13.234579745939369, 12.568785629065147, 11.926691461687389, 11.304269765054833, 10.710000275977935, 10.160870603543609, 9.682761431309634, 9.287937036002628, 8.975325703641447], "kmax_kF_Mpc": 15.0, "kF_zs": [9.0, 8.0, 7.0, 6.0, 5.5, 5.0, 4.7, 4.4, 4.2, 4.0, 3.8, 3.5999999999999996, 3.4000000000000004, 3.2, 3.0, 2.8000000000000003, 2.5999999999999996, 2.4, 2.2, 2.0]}