{"simdir": "/home/dc-pede1/rds/rds-dirac-dp132/emulator_256_15072019/sim_pair_29/sim_minus", "kF_Mpc": [14.550963104162724, 10.956579594871965, 9.442106422267697], "kmax_kF_Mpc": 15.0, "kF_zs": [4.0, 3.0, 2.0]}