{"simdir": "/home/dc-pede1/rds/rds-dirac-dp132/emulator_256_15072019/sim_pair_20/sim_plus", "kF_Mpc": [22.31872065470779, 21.19521659809504, 17.238126792745632], "kmax_kF_Mpc": 15.0, "kF_zs": [4.0, 3.0, 2.0]}