{"z_star": 3.0, "kp_Mpc": 0.7, "target_Delta2_star": 0.276, "target_n_star": -2.311, "target_heat_amp": 1.191, "target_heat_slo": -0.09000000000000008, "target_z_rei": 5.605, "fit_f_star": 0.9813695168606996, "fit_g_star": 0.967750857945972, "fit_Delta2_star": 0.27599999999999936, "fit_n_star": -2.310999999999999, "fit_alpha_star": -0.2149706224619263, "zs": [4.0, 3.0, 2.0], "linP_zs": [{"f_p": 0.9898232807770587, "Delta2_p": 0.17775121945200714, "n_p": -2.3110004031093694, "alpha_p": -0.21497095777388917}, {"f_p": 0.9813695168606996, "Delta2_p": 0.27599999999999936, "n_p": -2.310999999999999, "alpha_p": -0.2149706224619263}, {"f_p": 0.958356924941287, "Delta2_p": 0.48263151500329715, "n_p": -2.3109998489890016, "alpha_p": -0.21497058768618857}]}