{"simdir": "/home/dc-font1/rds/rds-dirac-dp132/emulator_512_17052019/sim_pair_7/sim_plus", "kF_Mpc": [34.578214955373085, 30.478649187265642, 26.346817469263605, 21.921445620065743, 19.766391241155784, 17.893706619630706, 16.842804623978036, 15.803795042369412, 15.136242372276937, 14.459863227542238, 13.796958968956476, 13.14473744288945, 12.507663135357339, 11.88395186230113, 11.273776070174588, 10.69155867336868, 10.149059553145689, 9.673312811995851, 9.283550626884612, 8.970650607297264], "kmax_kF_Mpc": 15.0, "kF_zs": [9.0, 8.0, 7.0, 6.0, 5.5, 5.0, 4.7, 4.4, 4.2, 4.0, 3.8, 3.5999999999999996, 3.4000000000000004, 3.2, 3.0, 2.8000000000000003, 2.5999999999999996, 2.4, 2.2, 2.0]}