{"simdir": "/home/dc-pede1/rds/rds-dirac-dp132/emulator_256_15072019/sim_pair_12/sim_minus", "kF_Mpc": [20.010074475411432, 18.449956906172684, 15.605275809081446], "kmax_kF_Mpc": 15.0, "kF_zs": [4.0, 3.0, 2.0]}