{"simdir": "/home/dc-font1/rds/rds-dirac-dp132/emulator_512_17052019/sim_pair_8/sim_plus", "kF_Mpc": [34.42081969410525, 29.803775816691974, 25.86772622451472, 21.725975761479916, 19.63234643835261, 17.898648561497666, 16.957454771594072, 16.087218928474307, 15.548073815100562, 15.014083733898243, 14.519762951945292, 14.038421627465864, 13.561441079113143, 13.087635989834132, 12.606694364986765, 12.097870672028902, 11.57573188803716, 11.070557241960167, 10.588513635593126, 10.167799417693576], "kmax_kF_Mpc": 15.0, "kF_zs": [9.0, 8.0, 7.0, 6.0, 5.5, 5.0, 4.7, 4.4, 4.2, 4.0, 3.8, 3.5999999999999996, 3.4000000000000004, 3.2, 3.0, 2.8000000000000003, 2.5999999999999996, 2.4, 2.2, 2.0]}