{"z_star": 3.0, "kp_Mpc": 0.7, "target_Delta2_star": 0.444, "target_n_star": -2.309, "target_heat_amp": 1.299, "target_heat_slo": -1.0499999999999998, "target_z_rei": 13.795, "fit_f_star": 0.9813695168606998, "fit_g_star": 0.967750857945972, "fit_Delta2_star": 0.44399999999999895, "fit_n_star": -2.309, "fit_alpha_star": -0.21497062246191054, "zs": [4.0, 3.0, 2.0], "linP_zs": [{"f_p": 0.9898232807770582, "Delta2_p": 0.2859476139010551, "n_p": -2.3090004031093696, "alpha_p": -0.2149709577738816}, {"f_p": 0.9813695168606998, "Delta2_p": 0.44399999999999895, "n_p": -2.309, "alpha_p": -0.21497062246191054}, {"f_p": 0.958356924941287, "Delta2_p": 0.7764072197879127, "n_p": -2.308999848989001, "alpha_p": -0.2149705876861776}]}