{"simdir": "/home/dc-pede1/rds/rds-dirac-dp132/emulator_256_15072019/sim_pair_31/sim_plus", "kF_Mpc": [28.75277453061117, 22.103287583790536, 16.851275289096233], "kmax_kF_Mpc": 15.0, "kF_zs": [4.0, 3.0, 2.0]}