{"simdir": "/home/dc-pede1/rds/rds-dirac-dp132/emulator_256_15072019/sim_pair_35/sim_minus", "kF_Mpc": [26.24734694307264, 21.9797963094849, 17.013204872287364], "kmax_kF_Mpc": 15.0, "kF_zs": [4.0, 3.0, 2.0]}