{"simdir": "/home/dc-font1/rds/rds-dirac-dp132/emulator_512_17052019/sim_pair_5/sim_minus", "kF_Mpc": [34.43851324832797, 30.36489478700683, 26.525753571913704, 22.42186515853349, 20.318792028461775, 18.42658718571932, 17.336886879380373, 16.29836593324729, 15.591603783443455, 14.904809404843004, 14.215385454465826, 13.512059035467146, 12.806175894129984, 12.090580797405218, 11.375488050639298, 10.666221386345084, 10.008195111304648, 9.440708436256951, 8.965398157344982, 8.594970105502922], "kmax_kF_Mpc": 15.0, "kF_zs": [9.0, 8.0, 7.0, 6.0, 5.5, 5.0, 4.7, 4.4, 4.2, 4.0, 3.8, 3.5999999999999996, 3.4000000000000004, 3.2, 3.0, 2.8000000000000003, 2.5999999999999996, 2.4, 2.2, 2.0]}