{"simdir": "/home/dc-pede1/rds/rds-dirac-dp132/emulator_256_15072019/sim_pair_33/sim_minus", "kF_Mpc": [11.701624099143537, 10.143746965824056, 8.398402149312822], "kmax_kF_Mpc": 15.0, "kF_zs": [4.0, 3.0, 2.0]}