{"z_star": 3.0, "kp_Mpc": 0.7, "target_Delta2_star": 0.264, "target_n_star": -2.269, "target_heat_amp": 0.9750000000000001, "target_heat_slo": -1.17, "target_z_rei": 10.645, "fit_f_star": 0.9813695168606994, "fit_g_star": 0.967750857945972, "fit_Delta2_star": 0.2639999999999997, "fit_n_star": -2.2690000000000006, "fit_alpha_star": -0.21497062246192367, "zs": [4.0, 3.0, 2.0], "linP_zs": [{"f_p": 0.9898232807770583, "Delta2_p": 0.17002290556278982, "n_p": -2.26900040310937, "alpha_p": -0.21497095777388595}, {"f_p": 0.9813695168606994, "Delta2_p": 0.2639999999999997, "n_p": -2.2690000000000006, "alpha_p": -0.21497062246192367}, {"f_p": 0.9583569249412872, "Delta2_p": 0.46164753609011117, "n_p": -2.2689998489890013, "alpha_p": -0.21497058768618393}]}