{"simdir": "/home/dc-pede1/rds/rds-dirac-dp132/emulator_256_15072019/sim_pair_43/sim_minus", "kF_Mpc": [25.90127460719514, 23.482670438864815, 19.696255245796426], "kmax_kF_Mpc": 15.0, "kF_zs": [4.0, 3.0, 2.0]}