{"simdir": "/home/dc-font1/rds/rds-dirac-dp132/emulator_512_17052019/sim_pair_2/sim_plus", "kF_Mpc": [28.14444358657148, 26.05515207667756, 23.882890948364928, 21.133932335746223, 19.55725426283581, 18.13914882990052, 17.372989754321253, 16.64515191001836, 16.192629765468105, 15.733666377367928, 15.299510422378859, 14.858963015077482, 14.412413208154135, 13.959452289973626, 13.453830894523167, 12.883395253526082, 12.274842312066939, 11.647862528805003, 11.043799352925772, 10.52377017305801], "kmax_kF_Mpc": 15.0, "kF_zs": [9.0, 8.0, 7.0, 6.0, 5.5, 5.0, 4.7, 4.4, 4.2, 4.0, 3.8, 3.5999999999999996, 3.4000000000000004, 3.2, 3.0, 2.8000000000000003, 2.5999999999999996, 2.4, 2.2, 2.0]}