{"simdir": "/home/dc-pede1/rds/rds-dirac-dp132/emulator_256_15072019/sim_pair_46/sim_minus", "kF_Mpc": [18.563814702604493, 11.855084029375346, 9.663788724656415], "kmax_kF_Mpc": 15.0, "kF_zs": [4.0, 3.0, 2.0]}