{"simdir": "/home/dc-pede1/rds/rds-dirac-dp132/emulator_256_15072019/sim_pair_28/sim_minus", "kF_Mpc": [17.572984835615, 14.083226121206929, 11.726971341928158], "kmax_kF_Mpc": 15.0, "kF_zs": [4.0, 3.0, 2.0]}