{"z_star": 3.0, "kp_Mpc": 0.7, "target_Delta2_star": 0.308, "target_n_star": -2.285, "target_heat_amp": 1.2449999999999999, "target_heat_slo": 0.15000000000000013, "target_z_rei": 11.695, "fit_f_star": 0.9813695168606996, "fit_g_star": 0.967750857945972, "fit_Delta2_star": 0.30799999999999983, "fit_n_star": -2.2849999999999997, "fit_alpha_star": -0.2149706224619252, "zs": [4.0, 3.0, 2.0], "linP_zs": [{"f_p": 0.9898232807770583, "Delta2_p": 0.19836005648992155, "n_p": -2.28500040310937, "alpha_p": -0.21497095777387984}, {"f_p": 0.9813695168606996, "Delta2_p": 0.30799999999999983, "n_p": -2.2849999999999997, "alpha_p": -0.2149706224619252}, {"f_p": 0.958356924941287, "Delta2_p": 0.5385887921051296, "n_p": -2.2849998489890013, "alpha_p": -0.21497058768617025}]}