{"simdir": "/home/dc-font1/rds/rds-dirac-dp132/emulator_512_15062019/sim_pair_0/sim_plus", "kF_Mpc": [99316.37152774318, 170253.97076708326, 92242.16774988383, 69.97065992798497, 38.65915805650716, 29.8624570622468, 26.012685744534934, 23.16101040055823, 21.585148923866562, 20.280410847384378, 19.113467950595556, 18.1035597293254, 17.25584550991891, 16.444804537352983, 15.698859780017342, 14.99131075171633, 14.332284726371014, 13.719489309584452, 13.13559419349816, 12.574906893993717], "kmax_kF_Mpc": 15.0, "kF_zs": [9.0, 8.0, 7.0, 6.0, 5.5, 5.0, 4.7, 4.4, 4.2, 4.0, 3.8, 3.5999999999999996, 3.4000000000000004, 3.2, 3.0, 2.8000000000000003, 2.5999999999999996, 2.4, 2.2, 2.0]}