{"simdir": "/home/dc-pede1/rds/rds-dirac-dp132/emulator_256_15072019/sim_pair_40/sim_minus", "kF_Mpc": [17.10784138019255, 12.366477033982429, 10.612611175991946], "kmax_kF_Mpc": 15.0, "kF_zs": [4.0, 3.0, 2.0]}