{"simdir": "/home/dc-pede1/rds/rds-dirac-dp132/emulator_256_15072019/sim_pair_24/sim_plus", "kF_Mpc": [26.452607992185808, 23.349547497869885, 18.441719780438497], "kmax_kF_Mpc": 15.0, "kF_zs": [4.0, 3.0, 2.0]}