{"z_star": 3.0, "kp_Mpc": 0.7, "target_Delta2_star": 0.364, "target_n_star": -2.313, "target_heat_amp": 2.649, "target_heat_slo": 1.3499999999999996, "target_z_rei": 11.275, "fit_f_star": 0.9813695168606998, "fit_g_star": 0.967750857945972, "fit_Delta2_star": 0.3639999999999988, "fit_n_star": -2.3129999999999993, "fit_alpha_star": -0.21497062246193227, "zs": [4.0, 3.0, 2.0], "linP_zs": [{"f_p": 0.9898232807770585, "Delta2_p": 0.23442552130627017, "n_p": -2.3130004031093696, "alpha_p": -0.21497095777388572}, {"f_p": 0.9813695168606998, "Delta2_p": 0.3639999999999988, "n_p": -2.3129999999999993, "alpha_p": -0.21497062246193227}, {"f_p": 0.9583569249412874, "Delta2_p": 0.6365140270333326, "n_p": -2.312999848989002, "alpha_p": -0.21497058768617447}]}