{"simdir": "/home/dc-pede1/rds/rds-dirac-dp132/emulator_256_15072019/sim_pair_48/sim_minus", "kF_Mpc": [28.989492538658435, 26.212290187230213, 21.483778938646502], "kmax_kF_Mpc": 15.0, "kF_zs": [4.0, 3.0, 2.0]}