{"simdir": "/home/dc-pede1/rds/rds-dirac-dp132/emulator_256_15072019/sim_pair_19/sim_plus", "kF_Mpc": [20.568725304290748, 18.509574516885873, 15.393178376032582], "kmax_kF_Mpc": 15.0, "kF_zs": [4.0, 3.0, 2.0]}