{"z_star": 3.0, "kp_Mpc": 0.7, "target_Delta2_star": 0.332, "target_n_star": -2.323, "target_heat_amp": 0.651, "target_heat_slo": -0.9299999999999999, "target_z_rei": 12.115, "fit_f_star": 0.9813695168606996, "fit_g_star": 0.967750857945972, "fit_Delta2_star": 0.33199999999999985, "fit_n_star": -2.323000000000001, "fit_alpha_star": -0.21497062246192616, "zs": [4.0, 3.0, 2.0], "linP_zs": [{"f_p": 0.9898232807770582, "Delta2_p": 0.21381668426835715, "n_p": -2.3230004031093703, "alpha_p": -0.21497095777388642}, {"f_p": 0.9813695168606996, "Delta2_p": 0.33199999999999985, "n_p": -2.323000000000001, "alpha_p": -0.21497062246192616}, {"f_p": 0.9583569249412872, "Delta2_p": 0.580556749931504, "n_p": -2.322999848989001, "alpha_p": -0.2149705876861737}]}