{"simdir": "/home/dc-pede1/rds/rds-dirac-dp132/emulator_256_15072019/sim_pair_30/sim_plus", "kF_Mpc": [20.236974847439292, 15.836228965564665, 12.809240961390817], "kmax_kF_Mpc": 15.0, "kF_zs": [4.0, 3.0, 2.0]}