{"simdir": "/home/dc-pede1/rds/rds-dirac-dp132/emulator_256_15072019/sim_pair_35/sim_plus", "kF_Mpc": [25.4391198935651, 22.323715834321384, 17.231721242323296], "kmax_kF_Mpc": 15.0, "kF_zs": [4.0, 3.0, 2.0]}