{"z_star": 3.0, "kp_Mpc": 0.7, "target_Delta2_star": 0.348, "target_n_star": -2.275, "target_heat_amp": 1.569, "target_heat_slo": 1.4699999999999998, "target_z_rei": 11.065000000000001, "fit_f_star": 0.9813695168606996, "fit_g_star": 0.967750857945972, "fit_Delta2_star": 0.34800000000000003, "fit_n_star": -2.274999999999999, "fit_alpha_star": -0.21497062246192655, "zs": [4.0, 3.0, 2.0], "linP_zs": [{"f_p": 0.9898232807770585, "Delta2_p": 0.22412110278731381, "n_p": -2.2750004031093694, "alpha_p": -0.21497095777387534}, {"f_p": 0.9813695168606996, "Delta2_p": 0.34800000000000003, "n_p": -2.274999999999999, "alpha_p": -0.21497062246192655}, {"f_p": 0.9583569249412874, "Delta2_p": 0.6085353884824182, "n_p": -2.274999848989002, "alpha_p": -0.21497058768617114}]}