{"simdir": "/home/dc-pede1/rds/rds-dirac-dp132/emulator_256_15072019/sim_pair_21/sim_minus", "kF_Mpc": [27.75505130031392, 26.960235037371376, 22.42742241610719], "kmax_kF_Mpc": 15.0, "kF_zs": [4.0, 3.0, 2.0]}