{"z_star": 3.0, "kp_Mpc": 0.7, "target_Delta2_star": 0.388, "target_n_star": -2.325, "target_heat_amp": 1.3530000000000002, "target_heat_slo": 0.3900000000000001, "target_z_rei": 13.165, "fit_f_star": 0.9813695168606996, "fit_g_star": 0.967750857945972, "fit_Delta2_star": 0.38799999999999935, "fit_n_star": -2.325, "fit_alpha_star": -0.21497062246192264, "zs": [4.0, 3.0, 2.0], "linP_zs": [{"f_p": 0.989823280777058, "Delta2_p": 0.24988214908470543, "n_p": -2.325000403109371, "alpha_p": -0.2149709577738822}, {"f_p": 0.9813695168606996, "Delta2_p": 0.38799999999999935, "n_p": -2.325, "alpha_p": -0.21497062246192264}, {"f_p": 0.9583569249412872, "Delta2_p": 0.6784819848597071, "n_p": -2.3249998489890027, "alpha_p": -0.21497058768617566}]}