{"simdir": "/home/dc-pede1/rds/rds-dirac-dp132/emulator_256_15072019/sim_pair_2/sim_plus", "kF_Mpc": [35.82456503360687, 20.9687457979786, 14.278726600660324], "kmax_kF_Mpc": 15.0, "kF_zs": [4.0, 3.0, 2.0]}