{"simdir": "/home/dc-pede1/rds/rds-dirac-dp132/emulator_256_15072019/sim_pair_18/sim_minus", "kF_Mpc": [14.360131567055657, 11.030082381145583, 9.446294115511554], "kmax_kF_Mpc": 15.0, "kF_zs": [4.0, 3.0, 2.0]}