{"simdir": "/home/dc-font1/rds/rds-dirac-dp132/emulator_512_18062019/sim_pair_1/sim_plus", "kF_Mpc": [170281.5757923028, 160.72415147697612, 29.98884999303469, 20.651979787215446, 17.97900778354713, 16.046937909449817, 14.975388988394323, 14.046363283598467, 13.450676748909942, 12.872337866554112, 12.30291819350926, 11.737463777934012, 11.179319158380258, 10.619569225944394, 10.077398225561012, 9.558501501590094, 9.075551709528481, 8.640779552415742, 8.26254358796201, 7.945602055273048], "kmax_kF_Mpc": 15.0, "kF_zs": [9.0, 8.0, 7.0, 6.0, 5.5, 5.0, 4.7, 4.4, 4.2, 4.0, 3.8, 3.5999999999999996, 3.4000000000000004, 3.2, 3.0, 2.8000000000000003, 2.5999999999999996, 2.4, 2.2, 2.0]}