{"z_star": 3.0, "kp_Mpc": 0.7, "target_Delta2_star": 0.42000000000000004, "target_n_star": -2.317, "target_heat_amp": 1.461, "target_heat_slo": 0.6299999999999999, "target_z_rei": 7.915, "fit_f_star": 0.9813695168606996, "fit_g_star": 0.967750857945972, "fit_Delta2_star": 0.42000000000000026, "fit_n_star": -2.317, "fit_alpha_star": -0.2149706224619245, "zs": [4.0, 3.0, 2.0], "linP_zs": [{"f_p": 0.9898232807770585, "Delta2_p": 0.2704909861226203, "n_p": -2.3170004031093687, "alpha_p": -0.2149709577738803}, {"f_p": 0.9813695168606996, "Delta2_p": 0.42000000000000026, "n_p": -2.317, "alpha_p": -0.2149706224619245}, {"f_p": 0.958356924941287, "Delta2_p": 0.7344392619615406, "n_p": -2.316999848989001, "alpha_p": -0.21497058768617353}]}