{"simdir": "/home/dc-pede1/rds/rds-dirac-dp132/emulator_256_15072019/sim_pair_46/sim_plus", "kF_Mpc": [18.13620737206368, 11.819278119375342, 9.793364613263526], "kmax_kF_Mpc": 15.0, "kF_zs": [4.0, 3.0, 2.0]}