{"z_star": 3.0, "kp_Mpc": 0.7, "target_Delta2_star": 0.304, "target_n_star": -2.341, "target_heat_amp": 0.7589999999999999, "target_heat_slo": -1.1099999999999999, "target_z_rei": 12.325, "fit_f_star": 0.9813695168606996, "fit_g_star": 0.967750857945972, "fit_Delta2_star": 0.30400000000000027, "fit_n_star": -2.341000000000001, "fit_alpha_star": -0.21497062246194618, "zs": [4.0, 3.0, 2.0], "linP_zs": [{"f_p": 0.9898232807770583, "Delta2_p": 0.19578395186018252, "n_p": -2.3410004031093696, "alpha_p": -0.2149709577738946}, {"f_p": 0.9813695168606996, "Delta2_p": 0.30400000000000027, "n_p": -2.341000000000001, "alpha_p": -0.21497062246194618}, {"f_p": 0.9583569249412874, "Delta2_p": 0.531594132467401, "n_p": -2.340999848989001, "alpha_p": -0.2149705876861944}]}