{"simdir": "/home/dc-font1/rds/rds-dirac-dp132/emulator_512_15062019/sim_pair_2/sim_minus", "kF_Mpc": [99316.456300448, 141876.15073195435, 227037.35159052588, 57.906891933069325, 34.5063081829981, 26.87806643335237, 23.34315897991615, 20.756230374122143, 19.342063042939813, 18.063036893709178, 16.94178387404199, 15.932627097745836, 15.037124657381693, 14.198799624817097, 13.408992922392638, 12.675805852992553, 11.987990317990056, 11.340439660251485, 10.745445495221459, 10.212641412698954], "kmax_kF_Mpc": 15.0, "kF_zs": [9.0, 8.0, 7.0, 6.0, 5.5, 5.0, 4.7, 4.4, 4.2, 4.0, 3.8, 3.5999999999999996, 3.4000000000000004, 3.2, 3.0, 2.8000000000000003, 2.5999999999999996, 2.4, 2.2, 2.0]}