{"simdir": "/home/dc-pede1/rds/rds-dirac-dp132/emulator_256_15072019/sim_pair_42/sim_minus", "kF_Mpc": [11.845527302566621, 10.063208865128596, 8.371859560931545], "kmax_kF_Mpc": 15.0, "kF_zs": [4.0, 3.0, 2.0]}