{"simdir": "/home/dc-pede1/rds/rds-dirac-dp132/emulator_256_15072019/sim_pair_13/sim_plus", "kF_Mpc": [20.575185368346432, 14.612704258108959, 12.265139044065055], "kmax_kF_Mpc": 15.0, "kF_zs": [4.0, 3.0, 2.0]}