{"z_star": 3.0, "kp_Mpc": 0.7, "target_Delta2_star": 0.316, "target_n_star": -2.261, "target_heat_amp": 0.597, "target_heat_slo": 1.17, "target_z_rei": 14.424999999999999, "fit_f_star": 0.9813695168607001, "fit_g_star": 0.967750857945972, "fit_Delta2_star": 0.3159999999999999, "fit_n_star": -2.2610000000000006, "fit_alpha_star": -0.21497062246193088, "zs": [4.0, 3.0, 2.0], "linP_zs": [{"f_p": 0.9898232807770582, "Delta2_p": 0.20351226574939998, "n_p": -2.2610004031093682, "alpha_p": -0.21497095777388608}, {"f_p": 0.9813695168607001, "Delta2_p": 0.3159999999999999, "n_p": -2.2610000000000006, "alpha_p": -0.21497062246193088}, {"f_p": 0.9583569249412869, "Delta2_p": 0.5525781113805883, "n_p": -2.260999848989002, "alpha_p": -0.21497058768618996}]}