{"simdir": "/home/dc-pede1/rds/rds-dirac-dp132/emulator_1024_21062019/sim_pair_3/sim_plus", "kF_Mpc": [312172.70334309724, 26.877806065903663, 16.091430807837202, 13.568707375067937, 11.891094890536511, 10.759622206673951, 9.922819420289715, 9.298210410622048, 8.80711114725428, 8.385540398738508, 7.988982924319174], "kmax_kF_Mpc": 15.0, "kF_zs": [5.0, 4.5, 4.0, 3.75, 3.5, 3.25, 3.0, 2.75, 2.5, 2.25, 2.0]}