{"simdir": "/home/dc-pede1/rds/rds-dirac-dp132/emulator_256_15072019/sim_pair_44/sim_minus", "kF_Mpc": [17.785176688237332, 14.373312322130243, 12.02436445280839], "kmax_kF_Mpc": 15.0, "kF_zs": [4.0, 3.0, 2.0]}