{"z_star": 3.0, "kp_Mpc": 0.7, "target_Delta2_star": 0.396, "target_n_star": -2.295, "target_heat_amp": 1.893, "target_heat_slo": 0.030000000000000027, "target_z_rei": 6.865, "fit_f_star": 0.9813695168606994, "fit_g_star": 0.967750857945972, "fit_Delta2_star": 0.3959999999999993, "fit_n_star": -2.294999999999999, "fit_alpha_star": -0.21497062246192625, "zs": [4.0, 3.0, 2.0], "linP_zs": [{"f_p": 0.9898232807770583, "Delta2_p": 0.25503435834418453, "n_p": -2.2950004031093703, "alpha_p": -0.2149709577738885}, {"f_p": 0.9813695168606994, "Delta2_p": 0.3959999999999993, "n_p": -2.294999999999999, "alpha_p": -0.21497062246192625}, {"f_p": 0.958356924941287, "Delta2_p": 0.6924713041351667, "n_p": -2.2949998489890016, "alpha_p": -0.21497058768618732}]}