{"z_star": 3.0, "kp_Mpc": 0.7, "target_Delta2_star": 0.29200000000000004, "target_n_star": -2.333, "target_heat_amp": 0.489, "target_heat_slo": 0.9900000000000002, "target_z_rei": 5.815, "fit_f_star": 0.9813695168606996, "fit_g_star": 0.967750857945972, "fit_Delta2_star": 0.2919999999999995, "fit_n_star": -2.3329999999999993, "fit_alpha_star": -0.21497062246193047, "zs": [4.0, 3.0, 2.0], "linP_zs": [{"f_p": 0.9898232807770583, "Delta2_p": 0.1880556379709642, "n_p": -2.333000403109371, "alpha_p": -0.21497095777388767}, {"f_p": 0.9813695168606996, "Delta2_p": 0.2919999999999995, "n_p": -2.3329999999999993, "alpha_p": -0.21497062246193047}, {"f_p": 0.9583569249412872, "Delta2_p": 0.5106101535542131, "n_p": -2.332999848989002, "alpha_p": -0.2149705876861783}]}