{"simdir": "/home/dc-pede1/rds/rds-dirac-dp132/emulator_1024_21062019/sim_pair_0/sim_minus", "kF_Mpc": [76401.65241725104, 25.604866097133502, 16.052774979237142, 13.78293727919571, 12.25539276396937, 11.219080637606632, 10.453340745903217, 9.871309823341733, 9.401909867334313, 8.995767508724683, 8.606700116006268], "kmax_kF_Mpc": 15.0, "kF_zs": [5.0, 4.5, 4.0, 3.75, 3.5, 3.25, 3.0, 2.75, 2.5, 2.25, 2.0]}