{"simdir": "/home/dc-pede1/rds/rds-dirac-dp132/emulator_256_15072019/sim_pair_2/sim_minus", "kF_Mpc": [37.836883297396724, 20.979689024206657, 13.977970952671035], "kmax_kF_Mpc": 15.0, "kF_zs": [4.0, 3.0, 2.0]}