{"z_star": 3.0, "kp_Mpc": 0.7, "target_Delta2_star": 0.32, "target_n_star": -2.283, "target_heat_amp": 2.5410000000000004, "target_heat_slo": -0.5700000000000001, "target_z_rei": 10.015, "fit_f_star": 0.9813695168606996, "fit_g_star": 0.967750857945972, "fit_Delta2_star": 0.3199999999999998, "fit_n_star": -2.2830000000000004, "fit_alpha_star": -0.21497062246191553, "zs": [4.0, 3.0, 2.0], "linP_zs": [{"f_p": 0.9898232807770585, "Delta2_p": 0.20608837037913885, "n_p": -2.2830004031093716, "alpha_p": -0.2149709577738739}, {"f_p": 0.9813695168606996, "Delta2_p": 0.3199999999999998, "n_p": -2.2830000000000004, "alpha_p": -0.21497062246191553}, {"f_p": 0.958356924941287, "Delta2_p": 0.5595727710183175, "n_p": -2.2829998489889998, "alpha_p": -0.21497058768618305}]}