{"z_star": 3.0, "kp_Mpc": 0.7, "target_Delta2_star": 0.296, "target_n_star": -2.257, "target_heat_amp": 1.8390000000000004, "target_heat_slo": 0.81, "target_z_rei": 8.125, "fit_f_star": 0.9813695168606994, "fit_g_star": 0.967750857945972, "fit_Delta2_star": 0.2959999999999997, "fit_n_star": -2.2570000000000006, "fit_alpha_star": -0.21497062246192156, "zs": [4.0, 3.0, 2.0], "linP_zs": [{"f_p": 0.9898232807770582, "Delta2_p": 0.19063174260070373, "n_p": -2.25700040310937, "alpha_p": -0.2149709577738816}, {"f_p": 0.9813695168606994, "Delta2_p": 0.2959999999999997, "n_p": -2.2570000000000006, "alpha_p": -0.21497062246192156}, {"f_p": 0.958356924941287, "Delta2_p": 0.517604813191943, "n_p": -2.2569998489890004, "alpha_p": -0.21497058768617702}]}