{"z_star": 3.0, "kp_Mpc": 0.7, "target_Delta2_star": 0.368, "target_n_star": -2.299, "target_heat_amp": 0.921, "target_heat_slo": 0.33000000000000007, "target_z_rei": 8.754999999999999, "fit_f_star": 0.9813695168606998, "fit_g_star": 0.967750857945972, "fit_Delta2_star": 0.36799999999999916, "fit_n_star": -2.299, "fit_alpha_star": -0.2149706224619346, "zs": [4.0, 3.0, 2.0], "linP_zs": [{"f_p": 0.9898232807770583, "Delta2_p": 0.23700162593600993, "n_p": -2.2990004031093685, "alpha_p": -0.21497095777388867}, {"f_p": 0.9813695168606998, "Delta2_p": 0.36799999999999916, "n_p": -2.299, "alpha_p": -0.2149706224619346}, {"f_p": 0.9583569249412872, "Delta2_p": 0.6435086866710639, "n_p": -2.2989998489890024, "alpha_p": -0.2149705876861813}]}