{"simdir": "/home/dc-pede1/rds/rds-dirac-dp132/emulator_256_15072019/sim_pair_17/sim_plus", "kF_Mpc": [30.42677863245628, 25.51093240271731, 20.485716670157966], "kmax_kF_Mpc": 15.0, "kF_zs": [4.0, 3.0, 2.0]}