{"simdir": "/home/dc-font1/rds/rds-dirac-dp132/emulator_512_18062019/sim_pair_0/sim_minus", "kF_Mpc": [99336.78979746514, 59.82144638144708, 28.36269818113475, 20.41591644210383, 18.196663568942775, 16.59735800874187, 15.67499216179576, 14.88419467757501, 14.410406269407222, 13.958491062063892, 13.532862714230394, 13.128687736951536, 12.743483378519267, 12.36610517477583, 11.99924317850839, 11.639736477341101, 11.287060078070663, 10.935537271650372, 10.588984494510157, 10.252741047029957], "kmax_kF_Mpc": 15.0, "kF_zs": [9.0, 8.0, 7.0, 6.0, 5.5, 5.0, 4.7, 4.4, 4.2, 4.0, 3.8, 3.5999999999999996, 3.4000000000000004, 3.2, 3.0, 2.8000000000000003, 2.5999999999999996, 2.4, 2.2, 2.0]}