{"simdir": "/home/dc-pede1/rds/rds-dirac-dp132/emulator_256_15072019/sim_pair_25/sim_plus", "kF_Mpc": [15.690232945474905, 12.460824445626876, 10.430383861414912], "kmax_kF_Mpc": 15.0, "kF_zs": [4.0, 3.0, 2.0]}