{"simdir": "/home/dc-pede1/rds/rds-dirac-dp132/emulator_256_15072019/sim_pair_34/sim_minus", "kF_Mpc": [28.292542795132846, 27.12493873840987, 22.267740561332754], "kmax_kF_Mpc": 15.0, "kF_zs": [4.0, 3.0, 2.0]}