{"simdir": "/home/dc-pede1/rds/rds-dirac-dp132/emulator_1024_21062019/sim_pair_2/sim_plus", "kF_Mpc": [43.71774557919179, 22.572926467655172, 15.874346992789437, 13.982418695306933, 12.687403641613358, 11.796876814822436, 11.146646387665802, 10.676858220547327, 10.335275559866885, 10.073420005784428, 9.843977159396445], "kmax_kF_Mpc": 15.0, "kF_zs": [5.0, 4.5, 4.0, 3.75, 3.5, 3.25, 3.0, 2.75, 2.5, 2.25, 2.0]}