{"simdir": "/home/dc-pede1/rds/rds-dirac-dp132/emulator_1024_21062019/sim_pair_2/sim_minus", "kF_Mpc": [43.66562726731046, 22.73091666993341, 15.859744678790959, 13.991915152967646, 12.694091771947585, 11.801782557923554, 11.15326489268363, 10.68310907112444, 10.343670365564417, 10.08307491781018, 9.850561438425304], "kmax_kF_Mpc": 15.0, "kF_zs": [5.0, 4.5, 4.0, 3.75, 3.5, 3.25, 3.0, 2.75, 2.5, 2.25, 2.0]}