{"simdir": "/home/dc-font1/rds/rds-dirac-dp132/emulator_512_15062019/sim_pair_5/sim_minus", "kF_Mpc": [255394.94209971844, 99309.18078955427, 134809.06339283538, 52.14345700024719, 34.92603763729083, 28.166070844494733, 25.221610926535266, 22.847501860012088, 21.52959042546622, 20.259218214457658, 19.10486554441801, 18.01154074053203, 16.98445405626347, 15.992072366870277, 15.037207243575262, 14.147473625273115, 13.311888586087509, 12.528472543530716, 11.810807932738783, 11.180743363873546], "kmax_kF_Mpc": 15.0, "kF_zs": [9.0, 8.0, 7.0, 6.0, 5.5, 5.0, 4.7, 4.4, 4.2, 4.0, 3.8, 3.5999999999999996, 3.4000000000000004, 3.2, 3.0, 2.8000000000000003, 2.5999999999999996, 2.4, 2.2, 2.0]}