{"z_star": 3.0, "kp_Mpc": 0.7, "target_Delta2_star": 0.344, "target_n_star": -2.329, "target_heat_amp": 1.6770000000000003, "target_heat_slo": -0.6299999999999999, "target_z_rei": 11.485, "fit_f_star": 0.9813695168606998, "fit_g_star": 0.967750857945972, "fit_Delta2_star": 0.3439999999999997, "fit_n_star": -2.329, "fit_alpha_star": -0.2149706224619428, "zs": [4.0, 3.0, 2.0], "linP_zs": [{"f_p": 0.9898232807770583, "Delta2_p": 0.22154499815757442, "n_p": -2.3290004031093696, "alpha_p": -0.21497095777388617}, {"f_p": 0.9813695168606998, "Delta2_p": 0.3439999999999997, "n_p": -2.329, "alpha_p": -0.2149706224619428}, {"f_p": 0.958356924941287, "Delta2_p": 0.6015407288446892, "n_p": -2.3289998489890027, "alpha_p": -0.21497058768618416}]}