{"simdir": "/home/dc-pede1/rds/rds-dirac-dp132/emulator_256_15072019/sim_pair_20/sim_minus", "kF_Mpc": [22.77543204234275, 20.823885157001282, 17.110427058505508], "kmax_kF_Mpc": 15.0, "kF_zs": [4.0, 3.0, 2.0]}