{"simdir": "/home/dc-pede1/rds/rds-dirac-dp132/emulator_256_15072019/sim_pair_49/sim_minus", "kF_Mpc": [17.80474681753577, 11.100658850085052, 9.572129027098782], "kmax_kF_Mpc": 15.0, "kF_zs": [4.0, 3.0, 2.0]}