{"simdir": "/home/dc-pede1/rds/rds-dirac-dp132/emulator_256_15072019/sim_pair_22/sim_plus", "kF_Mpc": [12.117571851731222, 10.369199129306235, 8.653735188155217], "kmax_kF_Mpc": 15.0, "kF_zs": [4.0, 3.0, 2.0]}