{"simdir": "/home/dc-pede1/rds/rds-dirac-dp132/emulator_256_15072019/sim_pair_14/sim_minus", "kF_Mpc": [15.400115975339537, 12.24055011907434, 10.5608975086259], "kmax_kF_Mpc": 15.0, "kF_zs": [4.0, 3.0, 2.0]}