{"simdir": "/home/dc-pede1/rds/rds-dirac-dp132/emulator_256_15072019/sim_pair_44/sim_plus", "kF_Mpc": [17.892570934041128, 14.647468498119107, 12.198426734301208], "kmax_kF_Mpc": 15.0, "kF_zs": [4.0, 3.0, 2.0]}