{"simdir": "/home/dc-pede1/rds/rds-dirac-dp132/emulator_256_15072019/sim_pair_26/sim_plus", "kF_Mpc": [18.476210400987384, 15.85383699160792, 13.129119638523306], "kmax_kF_Mpc": 15.0, "kF_zs": [4.0, 3.0, 2.0]}