{"simdir": "/home/dc-font1/rds/rds-dirac-dp132/test_pipeline/test_small/sim_pair_0/sim_minus", "kF_Mpc": [24.962771611361738, 10666.193975726304], "kmax_kF_Mpc": 15.0, "kF_zs": [4.0, 2.0]}