{"simdir": "/home/dc-pede1/rds/rds-dirac-dp132/emulator_256_15072019/sim_pair_16/sim_minus", "kF_Mpc": [22.23700710417502, 19.038407028339968, 15.567909027786877], "kmax_kF_Mpc": 15.0, "kF_zs": [4.0, 3.0, 2.0]}