{"simdir": "/home/dc-font1/rds/rds-dirac-dp132/emulator_512_18062019/sim_pair_1/sim_minus", "kF_Mpc": [156092.63792290032, 148.09375503419096, 29.87884055595179, 20.647810824840164, 18.011587376006982, 16.089347800377393, 15.026003618428408, 14.087830965904086, 13.502187415919611, 12.925910813139293, 12.358940866929231, 11.794797307689329, 11.228967203179465, 10.665251274736809, 10.117568766820128, 9.59388305068312, 9.102727340317916, 8.658209944074367, 8.274791235762, 7.956714191034588], "kmax_kF_Mpc": 15.0, "kF_zs": [9.0, 8.0, 7.0, 6.0, 5.5, 5.0, 4.7, 4.4, 4.2, 4.0, 3.8, 3.5999999999999996, 3.4000000000000004, 3.2, 3.0, 2.8000000000000003, 2.5999999999999996, 2.4, 2.2, 2.0]}