{"param_space": {"Delta2_star": {"ip": 0, "min_val": 0.25, "max_val": 0.45, "z_star": 3.0, "kp_Mpc": 0.7, "latex": "$\\Delta^2_\\star$"}, "n_star": {"ip": 1, "min_val": -2.35, "max_val": -2.25, "z_star": 3.0, "kp_Mpc": 0.7, "latex": "$n_\\star$"}, "heat_amp": {"ip": 2, "min_val": 0.3, "max_val": 3.0, "latex": "$H_A$"}, "heat_slo": {"ip": 3, "min_val": -1.5, "max_val": 1.5, "latex": "$H_S$"}, "z_rei": {"ip": 4, "min_val": 5.5, "max_val": 16.0, "latex": "$z_r$"}}, "nsamples": 200, "samples": {"0": [0.35750000000000004, -2.30125, 1.46775, -0.09749999999999992, 9.411249999999999], "1": [0.40449999999999997, -2.34875, 2.95275, 1.4925000000000002, 11.66875], "2": [0.2655, -2.3232500000000003, 1.7512500000000004, -0.022499999999999964, 12.98125], "3": [0.3645, -2.32775, 0.96825, 1.0274999999999999, 6.05125], "4": [0.2635, -2.28225, 2.42625, 0.1875, 9.51625], "5": [0.41350000000000003, -2.28575, 2.53425, -0.8325, 8.57125], "6": [0.3015, -2.32925, 0.9277500000000001, 0.7125000000000004, 6.10375], "7": [0.2605, -2.26575, 1.8322500000000004, -0.08250000000000002, 14.71375], "8": [0.3205, -2.2992500000000002, 2.0347500000000003, -1.2075, 9.72625], "9": [0.4345, -2.3152500000000003, 1.9267500000000002, 0.24750000000000005, 7.31125], "10": [0.40750000000000003, -2.32875, 1.8457500000000002, 1.2375000000000003, 9.14875], "11": [0.37650000000000006, -2.28925, 1.26525, -0.03750000000000009, 10.51375], "12": [0.35150000000000003, -2.31475, 2.12925, 0.8475000000000001, 7.52125], "13": [0.4245, -2.29575, 1.31925, -0.3374999999999999, 5.52625], "14": [0.4315, -2.33825, 2.23725, -1.0125, 12.403749999999999], "15": [0.4065, -2.34025, 1.6972500000000004, -0.4424999999999999, 7.83625], "16": [0.2925, -2.27175, 2.2777499999999997, 0.45750000000000024, 8.098749999999999], "17": [0.2865, -2.27825, 0.7522500000000001, 0.4275000000000002, 13.24375], "18": [0.2895, -2.34625, 0.37424999999999997, -0.5475, 8.151250000000001], "19": [0.2715, -2.27425, 1.64325, 0.00749999999999984, 6.26125], "20": [0.3895, -2.28875, 0.52275, -0.5025, 10.04125], "21": [0.3105, -2.2872500000000002, 1.27875, -0.6975, 14.39875], "22": [0.3075, -2.25475, 0.6577500000000001, -1.1775, 5.78875], "23": [0.3905, -2.28825, 2.2912500000000002, 0.9074999999999998, 11.93125], "24": [0.2755, -2.29325, 1.65675, 0.3975000000000002, 13.61125], "25": [0.4165, -2.25775, 1.8997500000000003, 1.2225000000000001, 13.033750000000001], "26": [0.3295, -2.2952500000000002, 1.62975, -1.2375, 6.83875], "27": [0.3745, -2.33875, 1.5487500000000003, -0.35250000000000004, 11.77375], "28": [0.2825, -2.26825, 2.26425, 1.0424999999999995, 9.936250000000001], "29": [0.3755, -2.25925, 1.2922500000000001, -0.23249999999999993, 12.771250000000002], "30": [0.34550000000000003, -2.31075, 0.9007499999999999, -1.4025, 8.83375], "31": [0.4175, -2.3352500000000003, 0.87375, -0.17249999999999988, 15.396250000000002], "32": [0.4055, -2.28675, 0.76575, 1.3125, 6.52375], "33": [0.4195, -2.26775, 0.42825, 0.5175000000000001, 7.10125], "34": [0.4395, -2.32075, 1.14375, -0.7875000000000001, 10.30375], "35": [0.2705, -2.30975, 0.72525, -0.7575000000000001, 6.62875], "36": [0.3425, -2.28275, 2.33175, -1.0425, 7.25875], "37": [0.4145, -2.33625, 2.08875, 0.8925000000000001, 14.18875], "38": [0.3165, -2.27025, 1.81875, 1.2525, 9.62125], "39": [0.3815, -2.34125, 0.6847500000000001, 0.5025, 10.14625], "40": [0.3655, -2.27325, 1.02225, 0.6674999999999995, 9.98875], "41": [0.34450000000000003, -2.26675, 2.57475, 1.0124999999999997, 9.30625], "42": [0.3875, -2.25175, 1.5352500000000002, -0.12749999999999995, 6.78625], "43": [0.4385, -2.27125, 0.30674999999999997, -0.11249999999999982, 12.35125], "44": [0.2745, -2.32975, 2.7367500000000002, 0.6074999999999999, 6.57625], "45": [0.38850000000000007, -2.34425, 1.4812500000000002, -0.4724999999999999, 12.61375], "46": [0.3035, -2.32375, 0.81975, -0.36749999999999994, 10.408750000000001], "47": [0.2915, -2.2832500000000002, 1.6027500000000001, -0.6675, 8.93875], "48": [0.3795, -2.33175, 0.53625, 0.26249999999999973, 15.02875], "49": [0.3145, -2.34475, 1.5757500000000002, -0.9075, 10.19875], "50": [0.3155, -2.29025, 1.37325, -1.4925, 9.568750000000001], "51": [0.4375, -2.32225, 2.77725, -0.9974999999999999, 12.92875], "52": [0.38050000000000006, -2.25075, 1.7242500000000003, 0.12749999999999995, 14.29375], "53": [0.3065, -2.25875, 0.36075, 0.11250000000000027, 13.40125], "54": [0.34950000000000003, -2.30075, 1.6702500000000002, -1.1925, 6.94375], "55": [0.38250000000000006, -2.33575, 2.7232499999999997, -0.20250000000000012, 6.89125], "56": [0.2505, -2.3312500000000003, 0.50925, 0.6825000000000001, 14.45125], "57": [0.35550000000000004, -2.33325, 0.71175, -0.3225, 8.51875], "58": [0.3685, -2.27675, 2.00775, 0.38249999999999984, 12.19375], "59": [0.34750000000000003, -2.30025, 2.70975, -1.2974999999999999, 15.23875], "60": [0.3675, -2.27875, 1.9807500000000002, 0.6374999999999997, 9.20125], "61": [0.2645, -2.26075, 0.5902499999999999, 0.03749999999999987, 14.66125], "62": [0.4015, -2.28375, 0.56325, 0.21750000000000003, 6.68125], "63": [0.2625, -2.28975, 2.2102500000000003, -1.2225000000000001, 7.46875], "64": [0.2985, -2.33425, 0.34725, -1.1175, 11.563749999999999], "65": [0.2845, -2.34775, 2.49375, -0.8625, 15.81625], "66": [0.4295, -2.25275, 2.69625, -0.8475, 11.82625], "67": [0.4085, -2.27225, 1.2247500000000002, -0.38250000000000006, 7.7837499999999995], "68": [0.3435, -2.31025, 0.32025, 0.3075000000000001, 13.82125], "69": [0.4185, -2.29075, 1.94025, -0.4275, 11.03875], "70": [0.4205, -2.25825, 1.3597500000000002, 0.41249999999999987, 10.46125], "71": [0.2685, -2.27475, 2.41275, 0.8174999999999999, 8.36125], "72": [0.3915, -2.30625, 0.8062500000000001, -0.5925, 14.03125], "73": [0.2935, -2.33725, 2.96625, 0.8025000000000002, 11.721250000000001], "74": [0.3235, -2.31625, 2.43975, -0.7725, 12.71875], "75": [0.36150000000000004, -2.26975, 2.9797499999999997, 0.23249999999999993, 11.091249999999999], "76": [0.3085, -2.30825, 0.40125, -0.2925, 10.98625], "77": [0.3045, -2.32025, 2.34525, -1.4175, 12.08875], "78": [0.3325, -2.29275, 2.0617500000000004, -0.39749999999999996, 13.34875], "79": [0.27949999999999997, -2.29775, 2.04825, -1.4625, 5.89375], "80": [0.4495, -2.29825, 0.46875, -0.26249999999999996, 10.82875], "81": [0.3525, -2.31225, 0.73875, -0.0674999999999999, 9.83125], "82": [0.38450000000000006, -2.31275, 1.1572500000000001, 0.0674999999999999, 15.71125], "83": [0.4405, -2.31875, 1.04925, 0.6225, 6.36625], "84": [0.4355, -2.28025, 2.18325, -0.8775, 7.99375], "85": [0.2695, -2.29475, 2.30475, 0.5925000000000002, 15.186250000000001], "86": [0.3055, -2.3192500000000003, 1.3462500000000002, -1.2675, 9.88375], "87": [0.4305, -2.31825, 0.60375, -1.0274999999999999, 8.20375], "88": [0.4425, -2.27725, 0.48225, -1.0725, 7.20625], "89": [0.3505, -2.26375, 0.91425, 0.022500000000000187, 10.35625], "90": [0.3245, -2.26525, 2.52075, -0.007500000000000062, 9.77875], "91": [0.4415, -2.29725, 1.3867500000000001, 0.8625000000000003, 13.76875], "92": [0.3005, -2.28425, 1.4002500000000002, -0.05249999999999999, 13.29625], "93": [0.3695, -2.26625, 2.68275, 1.3725, 8.41375], "94": [0.3265, -2.31575, 2.85825, 1.0724999999999998, 12.666250000000002], "95": [0.35950000000000004, -2.32275, 2.1427500000000004, 0.5625, 15.44875], "96": [0.40249999999999997, -2.28525, 0.5767500000000001, -0.7124999999999999, 14.81875], "97": [0.3995, -2.26425, 2.1697500000000005, -1.4475, 15.34375], "98": [0.3285, -2.30175, 1.4272500000000001, -0.9675, 7.731249999999999], "99": [0.2855, -2.29425, 2.54775, 0.3224999999999998, 6.41875], "100": [0.3605, -2.33025, 2.7637500000000004, -0.8025, 10.09375], "101": [0.3305, -2.26275, 1.06275, 1.4775, 11.61625], "102": [0.4215, -2.3072500000000002, 2.8717500000000005, 0.7874999999999996, 15.97375], "103": [0.2575, -2.34525, 0.95475, 0.9825000000000004, 6.99625], "104": [0.3975, -2.31675, 0.54975, 1.2824999999999998, 6.20875], "105": [0.4435, -2.27525, 2.83125, -0.6075, 9.67375],