{"simdir": "/home/dc-pede1/rds/rds-dirac-dp132/emulator_256_15072019/sim_pair_11/sim_plus", "kF_Mpc": [15.988368300643845, 12.518802830398405, 10.464891537733932], "kmax_kF_Mpc": 15.0, "kF_zs": [4.0, 3.0, 2.0]}