{"simdir": "/home/dc-pede1/rds/rds-dirac-dp132/emulator_256_15072019/sim_pair_25/sim_minus", "kF_Mpc": [15.605007425914138, 12.219666964311523, 10.270447614031768], "kmax_kF_Mpc": 15.0, "kF_zs": [4.0, 3.0, 2.0]}