{"simdir": "/home/dc-pede1/rds/rds-dirac-dp132/emulator_256_15072019/sim_pair_23/sim_plus", "kF_Mpc": [31.412784845366378, 27.197862704101436, 22.384660546865522], "kmax_kF_Mpc": 15.0, "kF_zs": [4.0, 3.0, 2.0]}