{"simdir": "/home/dc-pede1/rds/rds-dirac-dp132/emulator_256_15072019/sim_pair_1/sim_plus", "kF_Mpc": [37.96208972790622, 30.069275439106665, 23.86142969764181], "kmax_kF_Mpc": 15.0, "kF_zs": [4.0, 3.0, 2.0]}