{"simdir": "/home/dc-font1/rds/rds-dirac-dp132/emulator_512_15062019/sim_pair_4/sim_plus", "kF_Mpc": [170261.1883930342, 170254.02987576052, 141875.9149319393, 141899.97020617066, 156089.20717259016, 30.702755962466714, 26.00713366359669, 22.680341154570627, 20.915028170767133, 19.434239563305283, 18.131018937398792, 16.99152332154875, 16.02104728099037, 15.123704082512408, 14.307403884328341, 13.554473665645808, 12.862320970189248, 12.22003327994035, 11.621969717585008, 11.060315376759194], "kmax_kF_Mpc": 15.0, "kF_zs": [9.0, 8.0, 7.0, 6.0, 5.5, 5.0, 4.7, 4.4, 4.2, 4.0, 3.8, 3.5999999999999996, 3.4000000000000004, 3.2, 3.0, 2.8000000000000003, 2.5999999999999996, 2.4, 2.2, 2.0]}