{"simdir": "/home/dc-font1/rds/rds-dirac-dp132/emulator_512_18062019/sim_pair_5/sim_minus", "kF_Mpc": [99336.72901088675, 36.936282814971975, 22.93887210544329, 17.56133151241168, 15.89927424258386, 14.658528249769494, 13.87919927687039, 13.259934421527905, 12.898482406355564, 12.576752997896488, 12.287259130426648, 12.026964323805366, 11.793391639995445, 11.571166147035173, 11.365572927249627, 11.167426690907684, 10.970917795642519, 10.766638011547153, 10.547556515652024, 10.313289701245049], "kmax_kF_Mpc": 15.0, "kF_zs": [9.0, 8.0, 7.0, 6.0, 5.5, 5.0, 4.7, 4.4, 4.2, 4.0, 3.8, 3.5999999999999996, 3.4000000000000004, 3.2, 3.0, 2.8000000000000003, 2.5999999999999996, 2.4, 2.2, 2.0]}