{"simdir": "/home/dc-pede1/rds/rds-dirac-dp132/emulator_256_15072019/sim_pair_17/sim_minus", "kF_Mpc": [30.109523880185577, 24.330500116048054, 19.821653800873104], "kmax_kF_Mpc": 15.0, "kF_zs": [4.0, 3.0, 2.0]}