{"simdir": "/home/dc-font1/rds/rds-dirac-dp132/emulator_512_17052019/sim_pair_3/sim_minus", "kF_Mpc": [28.286369257794362, 26.97273657049578, 25.544676480838454, 23.276504202747603, 21.724501194499194, 20.31499519490716, 19.49690532608847, 18.727697856429124, 18.207404084148067, 17.70957571316569, 17.193754420313088, 16.703067470084136, 16.203766331249444, 15.685286615360253, 15.143497708346834, 14.55783064520456, 13.934433792605155, 13.320288237268793, 12.702508739897981, 12.130238841519168], "kmax_kF_Mpc": 15.0, "kF_zs": [9.0, 8.0, 7.0, 6.0, 5.5, 5.0, 4.7, 4.4, 4.2, 4.0, 3.8, 3.5999999999999996, 3.4000000000000004, 3.2, 3.0, 2.8000000000000003, 2.5999999999999996, 2.4, 2.2, 2.0]}