{"simdir": "/home/dc-pede1/rds/rds-dirac-dp132/emulator_256_15072019/sim_pair_5/sim_minus", "kF_Mpc": [14.742494926464655, 11.940430635449527, 10.196354241691077], "kmax_kF_Mpc": 15.0, "kF_zs": [4.0, 3.0, 2.0]}