{"simdir": "/home/dc-pede1/rds/rds-dirac-dp132/emulator_256_15072019/sim_pair_40/sim_plus", "kF_Mpc": [17.104251694137616, 12.622138828229847, 10.779116829437607], "kmax_kF_Mpc": 15.0, "kF_zs": [4.0, 3.0, 2.0]}