{"simdir": "/home/dc-pede1/rds/rds-dirac-dp132/emulator_256_15072019/sim_pair_15/sim_minus", "kF_Mpc": [27.827988244476398, 26.33121717398731, 22.34327835185948], "kmax_kF_Mpc": 15.0, "kF_zs": [4.0, 3.0, 2.0]}