{"z_star": 3.0, "kp_Mpc": 0.7, "target_Delta2_star": 0.43200000000000005, "target_n_star": -2.253, "target_heat_amp": 1.7310000000000003, "target_heat_slo": 0.2100000000000002, "target_z_rei": 14.635, "fit_f_star": 0.9813695168606994, "fit_g_star": 0.967750857945972, "fit_Delta2_star": 0.4319999999999984, "fit_n_star": -2.2530000000000006, "fit_alpha_star": -0.21497062246192886, "zs": [4.0, 3.0, 2.0], "linP_zs": [{"f_p": 0.9898232807770582, "Delta2_p": 0.2782193000118373, "n_p": -2.253000403109369, "alpha_p": -0.21497095777388714}, {"f_p": 0.9813695168606994, "Delta2_p": 0.4319999999999984, "n_p": -2.2530000000000006, "alpha_p": -0.21497062246192886}, {"f_p": 0.958356924941287, "Delta2_p": 0.7554232408747249, "n_p": -2.252999848989002, "alpha_p": -0.2149705876861583}]}