{"simdir": "/home/dc-pede1/rds/rds-dirac-dp132/emulator_256_15072019/sim_pair_36/sim_plus", "kF_Mpc": [19.52919326287422, 16.297081238091323, 13.1029414138739], "kmax_kF_Mpc": 15.0, "kF_zs": [4.0, 3.0, 2.0]}