{"z_star": 3.0, "kp_Mpc": 0.7, "target_Delta2_star": 0.34, "target_n_star": -2.259, "target_heat_amp": 2.271, "target_heat_slo": -0.99, "target_z_rei": 8.335, "fit_f_star": 0.9813695168606998, "fit_g_star": 0.967750857945972, "fit_Delta2_star": 0.3399999999999992, "fit_n_star": -2.258999999999999, "fit_alpha_star": -0.21497062246193158, "zs": [4.0, 3.0, 2.0], "linP_zs": [{"f_p": 0.9898232807770587, "Delta2_p": 0.21896889352783547, "n_p": -2.2590004031093707, "alpha_p": -0.21497095777388692}, {"f_p": 0.9813695168606998, "Delta2_p": 0.3399999999999992, "n_p": -2.258999999999999, "alpha_p": -0.21497062246193158}, {"f_p": 0.9583569249412872, "Delta2_p": 0.5945460692069608, "n_p": -2.2589998489890015, "alpha_p": -0.21497058768618552}]}