{"simdir": "/home/dc-pede1/rds/rds-dirac-dp132/emulator_256_15072019/sim_pair_39/sim_minus", "kF_Mpc": [21.177873261150825, 17.856934804987837, 14.64860104629126], "kmax_kF_Mpc": 15.0, "kF_zs": [4.0, 3.0, 2.0]}