{"simdir": "/home/dc-font1/rds/rds-dirac-dp132/emulator_512_15062019/sim_pair_5/sim_plus", "kF_Mpc": [99316.30557935589, 99309.11879705064, 92242.13221326176, 51.11222957916332, 34.39698632309125, 27.772277594545002, 24.92110514408542, 22.6261346650472, 21.26416743776806, 20.060366221179574, 18.90676669246379, 17.831979831590903, 16.836028145005113, 15.848161568570564, 14.922687962671665, 14.044165495215298, 13.224930743038696, 12.463607773256397, 11.765472578867469, 11.134962646623267], "kmax_kF_Mpc": 15.0, "kF_zs": [9.0, 8.0, 7.0, 6.0, 5.5, 5.0, 4.7, 4.4, 4.2, 4.0, 3.8, 3.5999999999999996, 3.4000000000000004, 3.2, 3.0, 2.8000000000000003, 2.5999999999999996, 2.4, 2.2, 2.0]}