{"simdir": "/home/dc-font1/rds/rds-dirac-dp132/emulator_512_17052019/sim_pair_4/sim_minus", "kF_Mpc": [29.831250155114947, 28.10356979420026, 26.012738932707226, 22.997922340097457, 21.219579441834217, 19.586798320851592, 18.63121963708609, 17.671617970739963, 17.026500999734857, 16.401099437919857, 15.771090686018402, 15.128689755964032, 14.463641645254237, 13.767088722511915, 13.028311359766366, 12.26162892277966, 11.509330002015307, 10.803179158961521, 10.177510114008191, 9.667001434530828], "kmax_kF_Mpc": 15.0, "kF_zs": [9.0, 8.0, 7.0, 6.0, 5.5, 5.0, 4.7, 4.4, 4.2, 4.0, 3.8, 3.5999999999999996, 3.4000000000000004, 3.2, 3.0, 2.8000000000000003, 2.5999999999999996, 2.4, 2.2, 2.0]}