{"simdir": "/home/dc-font1/rds/rds-dirac-dp132/emulator_512_18062019/sim_pair_2/sim_minus", "kF_Mpc": [170281.56928460108, 48.49374112100333, 26.46955844652687, 19.788405573286713, 17.855298299957013, 16.43710209000003, 15.624331760822642, 14.913095913189808, 14.482123758789468, 14.068613446549564, 13.678604512828512, 13.301243705234128, 12.93572525560342, 12.56570348591965, 12.199807288932156, 11.834503382727766, 11.472942576830242, 11.109931632063414, 10.749072877671539, 10.399140327958754], "kmax_kF_Mpc": 15.0, "kF_zs": [9.0, 8.0, 7.0, 6.0, 5.5, 5.0, 4.7, 4.4, 4.2, 4.0, 3.8, 3.5999999999999996, 3.4000000000000004, 3.2, 3.0, 2.8000000000000003, 2.5999999999999996, 2.4, 2.2, 2.0]}