{"simdir": "/home/dc-font1/rds/rds-dirac-dp132/emulator_512_17052019/sim_pair_0/sim_plus", "kF_Mpc": [32.55831732886602, 30.428135231128813, 27.63559030933668, 24.02627025998756, 21.97042915670594, 20.240816596380498, 19.2434452154793, 18.26496094935777, 17.63622868401557, 17.028678724250298, 16.416431247557867, 15.828688408747153, 15.242963391987786, 14.653394459600127, 14.036859202611945, 13.402561231719458, 12.77620196492579, 12.148669963791187, 11.546427927807613, 11.017109210386508], "kmax_kF_Mpc": 15.0, "kF_zs": [9.0, 8.0, 7.0, 6.0, 5.5, 5.0, 4.7, 4.4, 4.2, 4.0, 3.8, 3.5999999999999996, 3.4000000000000004, 3.2, 3.0, 2.8000000000000003, 2.5999999999999996, 2.4, 2.2, 2.0]}