{"simdir": "/home/dc-pede1/rds/rds-dirac-dp132/emulator_256_15072019/sim_pair_0/sim_plus", "kF_Mpc": [19.769091076277174, 17.659316151732966, 14.561903607196333], "kmax_kF_Mpc": 15.0, "kF_zs": [4.0, 3.0, 2.0]}