{"simdir": "/home/dc-font1/rds/rds-dirac-dp132/emulator_512_17052019/sim_pair_9/sim_minus", "kF_Mpc": [29.8206654451142, 27.85540100073176, 25.661893845970056, 22.642006159527305, 20.87695555808658, 19.140884564013252, 18.184005180466375, 17.24649258168859, 16.606271736921123, 15.964953292459246, 15.33208622407026, 14.678822884457269, 14.003006583937688, 13.284444288245766, 12.52424529433501, 11.728037395339921, 10.946794523373892, 10.239754682459939, 9.631166371543834, 9.14940770451163], "kmax_kF_Mpc": 15.0, "kF_zs": [9.0, 8.0, 7.0, 6.0, 5.5, 5.0, 4.7, 4.4, 4.2, 4.0, 3.8, 3.5999999999999996, 3.4000000000000004, 3.2, 3.0, 2.8000000000000003, 2.5999999999999996, 2.4, 2.2, 2.0]}