{"z_star": 3.0, "kp_Mpc": 0.7, "target_Delta2_star": 0.268, "target_n_star": -2.327, "target_heat_amp": 1.0830000000000002, "target_heat_slo": -1.41, "target_z_rei": 6.025, "fit_f_star": 0.9813695168606998, "fit_g_star": 0.967750857945972, "fit_Delta2_star": 0.2679999999999998, "fit_n_star": -2.327, "fit_alpha_star": -0.2149706224619223, "zs": [4.0, 3.0, 2.0], "linP_zs": [{"f_p": 0.9898232807770583, "Delta2_p": 0.17259901019252896, "n_p": -2.32700040310937, "alpha_p": -0.21497095777389053}, {"f_p": 0.9813695168606998, "Delta2_p": 0.2679999999999998, "n_p": -2.327, "alpha_p": -0.2149706224619223}, {"f_p": 0.9583569249412872, "Delta2_p": 0.4686421957278402, "n_p": -2.3269998489890016, "alpha_p": -0.21497058768617294}]}