{"param_space": {"Om_star": {"ip": 0, "min_val": 0.955, "max_val": 0.975, "z_star": 3.0, "latex": "$\\Omega_\\star$"}, "Delta2_star": {"ip": 1, "min_val": 0.25, "max_val": 0.45, "z_star": 3.0, "kp_Mpc": 0.7, "latex": "$\\Delta^2_\\star$"}, "mu_He": {"ip": 2, "min_val": 0.5, "max_val": 2.0, "latex": "$\\mu_{\\rm He}$"}}, "nsamples": 5, "samples": {"0": [0.961, 0.39, 1.25], "1": [0.965, 0.31, 0.9500000000000001], "2": [0.969, 0.35, 1.55], "3": [0.973, 0.27, 0.65], "4": [0.957, 0.43000000000000005, 1.85]}}