{"simdir": "/home/dc-pede1/rds/rds-dirac-dp132/emulator_1024_21062019/sim_pair_0/sim_plus", "kF_Mpc": [105105.88417003489, 25.383824035861377, 16.087571567846833, 13.793947980194588, 12.267026800891228, 11.232379119145888, 10.463681029131024, 9.877871853153506, 9.404261493830262, 8.993929763026921, 8.606877303055525], "kmax_kF_Mpc": 15.0, "kF_zs": [5.0, 4.5, 4.0, 3.75, 3.5, 3.25, 3.0, 2.75, 2.5, 2.25, 2.0]}