{"simdir": "/home/dc-pede1/rds/rds-dirac-dp132/emulator_256_15072019/sim_pair_10/sim_plus", "kF_Mpc": [26.836223743872235, 21.254167220054665, 16.59413542772966], "kmax_kF_Mpc": 15.0, "kF_zs": [4.0, 3.0, 2.0]}