{"z_star": 3.0, "kp_Mpc": 0.7, "target_Delta2_star": 0.43600000000000005, "target_n_star": -2.305, "target_heat_amp": 1.137, "target_heat_slo": 0.8700000000000001, "target_z_rei": 12.745000000000001, "fit_f_star": 0.9813695168606998, "fit_g_star": 0.967750857945972, "fit_Delta2_star": 0.43599999999999933, "fit_n_star": -2.305, "fit_alpha_star": -0.2149706224619184, "zs": [4.0, 3.0, 2.0], "linP_zs": [{"f_p": 0.9898232807770583, "Delta2_p": 0.28079540464157665, "n_p": -2.30500040310937, "alpha_p": -0.214970957773881}, {"f_p": 0.9813695168606998, "Delta2_p": 0.43599999999999933, "n_p": -2.305, "alpha_p": -0.2149706224619184}, {"f_p": 0.9583569249412874, "Delta2_p": 0.7624179005124552, "n_p": -2.304999848989004, "alpha_p": -0.21497058768616822}]}