{"simdir": "/home/dc-pede1/rds/rds-dirac-dp132/emulator_1024_21062019/sim_pair_3/sim_minus", "kF_Mpc": [297983.7608900367, 27.0852907824774, 16.04445946333458, 13.540675436420479, 11.86863706064747, 10.735603411264174, 9.902206553550048, 9.284937773153153, 8.798445984420367, 8.38279825375574, 7.987242737264658], "kmax_kF_Mpc": 15.0, "kF_zs": [5.0, 4.5, 4.0, 3.75, 3.5, 3.25, 3.0, 2.75, 2.5, 2.25, 2.0]}