{"simdir": "/home/dc-pede1/rds/rds-dirac-dp132/emulator_256_15072019/sim_pair_42/sim_plus", "kF_Mpc": [11.753256001075618, 10.130578421760744, 8.532199234997163], "kmax_kF_Mpc": 15.0, "kF_zs": [4.0, 3.0, 2.0]}