{"simdir": "/home/dc-font1/rds/rds-dirac-dp132/emulator_512_15062019/sim_pair_4/sim_minus", "kF_Mpc": [170261.26538833382, 170254.09883804296, 141875.9701544906, 141900.01575032572, 134805.7739068785, 31.204557585376524, 26.28072220217592, 22.91608506030959, 21.151572465356878, 19.62644400860631, 18.30636254735092, 17.15411841499846, 16.16000794604604, 15.244014112794995, 14.405274996387858, 13.641103901927519, 12.938007708510279, 12.27484427613788, 11.659827911151604, 11.097350001376357], "kmax_kF_Mpc": 15.0, "kF_zs": [9.0, 8.0, 7.0, 6.0, 5.5, 5.0, 4.7, 4.4, 4.2, 4.0, 3.8, 3.5999999999999996, 3.4000000000000004, 3.2, 3.0, 2.8000000000000003, 2.5999999999999996, 2.4, 2.2, 2.0]}