{"z_star": 3.0, "kp_Mpc": 0.7, "target_Delta2_star": 0.28800000000000003, "target_n_star": -2.337, "target_heat_amp": 2.379, "target_heat_slo": 1.1099999999999999, "target_z_rei": 15.265, "fit_f_star": 0.9813695168606996, "fit_g_star": 0.967750857945972, "fit_Delta2_star": 0.28799999999999987, "fit_n_star": -2.336999999999999, "fit_alpha_star": -0.2149706224619328, "zs": [4.0, 3.0, 2.0], "linP_zs": [{"f_p": 0.9898232807770583, "Delta2_p": 0.18547953334122538, "n_p": -2.3370004031093696, "alpha_p": -0.21497095777389108}, {"f_p": 0.9813695168606996, "Delta2_p": 0.28799999999999987, "n_p": -2.336999999999999, "alpha_p": -0.2149706224619328}, {"f_p": 0.9583569249412874, "Delta2_p": 0.5036154939164857, "n_p": -2.3369998489890027, "alpha_p": -0.2149705876861859}]}