{"simdir": "/home/dc-pede1/rds/rds-dirac-dp132/emulator_256_15072019/sim_pair_7/sim_minus", "kF_Mpc": [11.636023895081948, 10.249724410060423, 8.498138113467048], "kmax_kF_Mpc": 15.0, "kF_zs": [4.0, 3.0, 2.0]}