{"z_star": 3.0, "kp_Mpc": 0.7, "target_Delta2_star": 0.448, "target_n_star": -2.331, "target_heat_amp": 0.327, "target_heat_slo": -0.81, "target_z_rei": 15.895, "fit_f_star": 0.9813695168606996, "fit_g_star": 0.967750857945972, "fit_Delta2_star": 0.448, "fit_n_star": -2.331, "fit_alpha_star": -0.21497062246193377, "zs": [4.0, 3.0, 2.0], "linP_zs": [{"f_p": 0.9898232807770583, "Delta2_p": 0.28852371853079484, "n_p": -2.331000403109369, "alpha_p": -0.21497095777388558}, {"f_p": 0.9813695168606996, "Delta2_p": 0.448, "n_p": -2.331, "alpha_p": -0.21497062246193377}, {"f_p": 0.9583569249412872, "Delta2_p": 0.7834018794256425, "n_p": -2.3309998489890003, "alpha_p": -0.2149705876861591}]}