{"simdir": "/home/dc-pede1/rds/rds-dirac-dp132/emulator_256_15072019/sim_pair_41/sim_plus", "kF_Mpc": [13.013066827892487, 10.841670203963895, 9.305145930522857], "kmax_kF_Mpc": 15.0, "kF_zs": [4.0, 3.0, 2.0]}