{"hyperparam_names": ["sum.linear.variances", "sum.rbf.variance", "sum.rbf.lengthscale", "Gaussian_noise.variance"], "paramLimits": [[0.28531174892098476, 0.8751150387236488], [0.08785083352851636, 0.1548976469710291], [1.1280230545529928, 1.82432761190542], [7.904313135512917, 15.634896485894505], [0.1631532932168182, 0.781070326213063], [-2.348333736442703, -2.2516665156556686]], "hyperparams": [25.09579475827491, 30.491182912106083, 1.0826035314068, 7.074824909195239e-06]}