{"param_space": {"Delta2_star": {"ip": 0, "min_val": 0.25, "max_val": 0.45, "z_star": 3.0, "kp_Mpc": 0.7, "latex": "$\\Delta^2_\\star$"}, "n_star": {"ip": 1, "min_val": -2.35, "max_val": -2.25, "z_star": 3.0, "kp_Mpc": 0.7, "latex": "$n_\\star$"}, "heat_amp": {"ip": 2, "min_val": 0.5, "max_val": 1.5, "latex": "$H_A$"}, "heat_slo": {"ip": 3, "min_val": -0.5, "max_val": 0.5, "latex": "$H_S$"}, "z_rei": {"ip": 4, "min_val": 5.5, "max_val": 15.0, "latex": "$z_r$"}}, "nsamples": 31, "samples": {"0": [0.3466666666666667, -2.3316666666666666, 1.15, -0.35, 10.725000000000001], "1": [0.34, -2.2983333333333333, 0.7833333333333333, -0.15000000000000002, 5.658333333333333], "2": [0.3933333333333333, -2.305, 1.0166666666666666, 0.44999999999999996, 13.891666666666666], "3": [0.4, -2.335, 1.1166666666666667, 0.1166666666666667, 11.991666666666667], "4": [0.36, -2.275, 1.2166666666666666, -0.2833333333333333, 11.041666666666666], "5": [0.2733333333333333, -2.2583333333333333, 1.2833333333333332, 0.21666666666666656, 10.408333333333333], "6": [0.33333333333333337, -2.3116666666666665, 1.05, 0.2833333333333333, 6.291666666666667], "7": [0.42666666666666664, -2.3383333333333334, 0.9833333333333334, -0.21666666666666667, 12.308333333333334], "8": [0.42000000000000004, -2.2883333333333336, 1.35, 0.1499999999999999, 6.925], "9": [0.32, -2.2916666666666665, 1.3166666666666667, -0.18333333333333335, 9.775], "10": [0.2866666666666667, -2.295, 1.1833333333333333, -0.31666666666666665, 11.674999999999999], "11": [0.26666666666666666, -2.2716666666666665, 0.95, -0.1166666666666667, 12.941666666666666], "12": [0.36666666666666664, -2.315, 0.6833333333333333, 0.050000000000000044, 7.875], "13": [0.44, -2.255, 0.6166666666666667, -0.04999999999999999, 10.091666666666667], "14": [0.3866666666666667, -2.345, 0.9166666666666667, -0.48333333333333334, 9.141666666666666], "15": [0.30666666666666664, -2.3016666666666667, 0.65, 0.016666666666666607, 14.208333333333334], "16": [0.37333333333333335, -2.3083333333333336, 0.8833333333333333, 0.25, 8.508333333333333], "17": [0.43333333333333335, -2.285, 1.3833333333333333, 0.08333333333333326, 6.608333333333333], "18": [0.31333333333333335, -2.265, 0.5833333333333334, 0.41666666666666674, 14.841666666666667], "19": [0.29333333333333333, -2.3283333333333336, 1.0833333333333333, -0.016666666666666663, 9.458333333333334], "20": [0.3, -2.2783333333333333, 1.25, 0.3500000000000001, 14.525], "21": [0.38, -2.3216666666666668, 0.75, 0.18333333333333335, 11.358333333333334], "22": [0.26, -2.2616666666666667, 1.45, -0.08333333333333331, 5.975], "23": [0.44666666666666666, -2.2683333333333335, 0.85, 0.4833333333333334, 8.191666666666666], "24": [0.4066666666666667, -2.2516666666666665, 0.8166666666666667, -0.25, 13.258333333333333], "25": [0.32666666666666666, -2.2816666666666667, 0.5166666666666667, 0.31666666666666665, 7.241666666666667], "26": [0.41333333333333333, -2.341666666666667, 0.7166666666666667, -0.41666666666666663, 8.825], "27": [0.28, -2.3183333333333334, 1.4166666666666667, -0.45, 13.575000000000001], "28": [0.25333333333333335, -2.325, 0.55, -0.3833333333333333, 12.625], "29": [0.35333333333333333, -2.3483333333333336, 1.4833333333333334, 0.3833333333333333, 7.558333333333334], "30": [0.35, -2.3, 1.0, 0.0, 10.25]}}