{"simdir": "/home/dc-pede1/rds/rds-dirac-dp132/emulator_256_15072019/sim_pair_29/sim_plus", "kF_Mpc": [14.336980049258068, 10.940154291494885, 9.571077148755865], "kmax_kF_Mpc": 15.0, "kF_zs": [4.0, 3.0, 2.0]}