{"simdir": "/home/dc-pede1/rds/rds-dirac-dp132/emulator_256_15072019/sim_pair_4/sim_plus", "kF_Mpc": [22.31315475687005, 23.128266414138505, 20.171890494401865], "kmax_kF_Mpc": 15.0, "kF_zs": [4.0, 3.0, 2.0]}