{"simdir": "/home/dc-font1/rds/rds-dirac-dp132/emulator_512_18062019/sim_pair_5/sim_plus", "kF_Mpc": [141903.58710031828, 37.000666513432044, 22.94788468707612, 17.557636774785525, 15.880100841718914, 14.61938920093042, 13.83481750605477, 13.218027169681424, 12.855383783023457, 12.525255692280599, 12.233868972441174, 11.968066676323144, 11.73863402834177, 11.521525282577837, 11.319510450761731, 11.129158424264741, 10.941099094102341, 10.749548329559687, 10.538195633007492, 10.3064238046066], "kmax_kF_Mpc": 15.0, "kF_zs": [9.0, 8.0, 7.0, 6.0, 5.5, 5.0, 4.7, 4.4, 4.2, 4.0, 3.8, 3.5999999999999996, 3.4000000000000004, 3.2, 3.0, 2.8000000000000003, 2.5999999999999996, 2.4, 2.2, 2.0]}