{"z_star": 3.0, "kp_Mpc": 0.7, "target_Delta2_star": 0.284, "target_n_star": -2.265, "target_heat_amp": 2.811, "target_heat_slo": -0.69, "target_z_rei": 12.955, "fit_f_star": 0.9813695168606996, "fit_g_star": 0.967750857945972, "fit_Delta2_star": 0.2839999999999995, "fit_n_star": -2.2649999999999997, "fit_alpha_star": -0.21497062246193382, "zs": [4.0, 3.0, 2.0], "linP_zs": [{"f_p": 0.9898232807770583, "Delta2_p": 0.1829034287114856, "n_p": -2.2650004031093705, "alpha_p": -0.21497095777388342}, {"f_p": 0.9813695168606996, "Delta2_p": 0.2839999999999995, "n_p": -2.2649999999999997, "alpha_p": -0.21497062246193382}, {"f_p": 0.9583569249412874, "Delta2_p": 0.4966208342787549, "n_p": -2.264999848989002, "alpha_p": -0.21497058768617888}]}