{"simdir": "/home/dc-font1/rds/rds-dirac-dp132/emulator_512_15062019/sim_pair_3/sim_minus", "kF_Mpc": [170261.26423979766, 99309.29057699774, 99309.06880582288, 143.05997622353885, 41.57950854763505, 30.01309862295724, 25.703833914959468, 22.482353578398754, 20.707580061708867, 19.09787989086992, 17.662843896821567, 16.359251848112223, 15.18024803048327, 14.087353619514625, 13.082388971456059, 12.17687948891716, 11.35655382781103, 10.622381394706924, 9.98281385937959, 9.438539583261656], "kmax_kF_Mpc": 15.0, "kF_zs": [9.0, 8.0, 7.0, 6.0, 5.5, 5.0, 4.7, 4.4, 4.2, 4.0, 3.8, 3.5999999999999996, 3.4000000000000004, 3.2, 3.0, 2.8000000000000003, 2.5999999999999996, 2.4, 2.2, 2.0]}