{"simdir": "/home/dc-pede1/rds/rds-dirac-dp132/emulator_256_15072019/sim_pair_16/sim_plus", "kF_Mpc": [21.589104134974345, 19.123134479633425, 16.0150837880299], "kmax_kF_Mpc": 15.0, "kF_zs": [4.0, 3.0, 2.0]}