{"simdir": "/home/dc-font1/rds/rds-dirac-dp132/emulator_512_18062019/sim_pair_3/sim_minus", "kF_Mpc": [170281.60414818962, 78049.74545369053, 50.3486557255583, 32.87722751002626, 26.987123833012173, 19.342748067848515, 17.98428856196903, 16.756631165708296, 16.01963412434058, 15.30622561893277, 14.6564467969961, 14.042880909124149, 13.478260146966315, 12.938267404695718, 12.424529608046253, 11.939358679780652, 11.481093695113195, 11.03813799032015, 10.622848669460115, 10.233750144276405], "kmax_kF_Mpc": 15.0, "kF_zs": [9.0, 8.0, 7.0, 6.0, 5.5, 5.0, 4.7, 4.4, 4.2, 4.0, 3.8, 3.5999999999999996, 3.4000000000000004, 3.2, 3.0, 2.8000000000000003, 2.5999999999999996, 2.4, 2.2, 2.0]}