{"z_star": 3.0, "kp_Mpc": 0.7, "target_Delta2_star": 0.41200000000000003, "target_n_star": -2.271, "target_heat_amp": 0.7050000000000001, "target_heat_slo": 1.0499999999999998, "target_z_rei": 10.855, "fit_f_star": 0.9813695168606996, "fit_g_star": 0.967750857945972, "fit_Delta2_star": 0.41199999999999976, "fit_n_star": -2.2710000000000004, "fit_alpha_star": -0.21497062246193216, "zs": [4.0, 3.0, 2.0], "linP_zs": [{"f_p": 0.9898232807770583, "Delta2_p": 0.26533877686314156, "n_p": -2.27100040310937, "alpha_p": -0.21497095777388797}, {"f_p": 0.9813695168606996, "Delta2_p": 0.41199999999999976, "n_p": -2.2710000000000004, "alpha_p": -0.21497062246193216}, {"f_p": 0.9583569249412872, "Delta2_p": 0.720449942686081, "n_p": -2.2709998489890015, "alpha_p": -0.21497058768618232}]}