{"z_star": 3.0, "kp_Mpc": 0.7, "target_Delta2_star": 0.44, "target_n_star": -2.347, "target_heat_amp": 2.001, "target_heat_slo": -1.29, "target_z_rei": 7.705, "fit_f_star": 0.9813695168606996, "fit_g_star": 0.967750857945972, "fit_Delta2_star": 0.43999999999999906, "fit_n_star": -2.3469999999999978, "fit_alpha_star": -0.21497062246193013, "zs": [4.0, 3.0, 2.0], "linP_zs": [{"f_p": 0.9898232807770585, "Delta2_p": 0.28337150927131605, "n_p": -2.3470004031093703, "alpha_p": -0.21497095777388361}, {"f_p": 0.9813695168606996, "Delta2_p": 0.43999999999999906, "n_p": -2.3469999999999978, "alpha_p": -0.21497062246193013}, {"f_p": 0.9583569249412874, "Delta2_p": 0.7694125601501842, "n_p": -2.3469998489890034, "alpha_p": -0.21497058768617203}]}