{"simdir": "/home/dc-pede1/rds/rds-dirac-dp132/emulator_256_15072019/sim_pair_11/sim_minus", "kF_Mpc": [15.968093300023664, 12.32114271017782, 10.316141572868263], "kmax_kF_Mpc": 15.0, "kF_zs": [4.0, 3.0, 2.0]}