{"simdir": "/home/dc-pede1/rds/rds-dirac-dp132/emulator_256_15072019/sim_pair_24/sim_minus", "kF_Mpc": [27.026899704187162, 23.04390548612321, 18.35254568846443], "kmax_kF_Mpc": 15.0, "kF_zs": [4.0, 3.0, 2.0]}